userid,t,k
0.0,0.0,0.0
0.0,1.0,0.0
0.0,2.0,5.0
0.0,3.0,5.0
0.0,4.0,5.0
0.0,5.0,5.0
0.0,6.0,5.0
0.0,7.0,5.0
0.0,8.0,5.0
0.0,9.0,5.0
0.0,10.0,5.0
0.0,11.0,5.0
0.0,12.0,4.0
0.0,13.0,0.0
0.0,14.0,0.0
0.0,15.0,0.0
0.0,16.0,0.0
0.0,17.0,0.0
0.0,18.0,0.0
1.0,0.0,12.0
1.0,1.0,12.0
1.0,2.0,12.0
1.0,3.0,12.0
1.0,4.0,13.0
1.0,5.0,12.0
1.0,6.0,12.0
1.0,7.0,12.0
1.0,8.0,12.0
1.0,9.0,12.0
1.0,10.0,12.0
1.0,11.0,12.0
1.0,12.0,4.0
1.0,13.0,1.0
1.0,14.0,10.0
1.0,15.0,12.0
1.0,16.0,12.0
1.0,17.0,12.0
1.0,18.0,12.0
2.0,0.0,12.0
2.0,1.0,12.0
2.0,2.0,12.0
2.0,3.0,12.0
2.0,4.0,12.0
2.0,5.0,12.0
2.0,6.0,12.0
2.0,7.0,12.0
2.0,8.0,12.0
2.0,9.0,12.0
2.0,10.0,14.0
2.0,11.0,15.0
2.0,12.0,12.0
2.0,13.0,3.0
2.0,14.0,12.0
2.0,15.0,12.0
2.0,16.0,12.0
2.0,17.0,12.0
2.0,18.0,12.0
3.0,0.0,0.0
3.0,1.0,0.0
3.0,2.0,0.0
3.0,3.0,5.0
3.0,4.0,5.0
3.0,5.0,5.0
3.0,6.0,5.0
3.0,7.0,5.0
3.0,8.0,5.0
3.0,9.0,5.0
3.0,10.0,5.0
3.0,11.0,5.0
3.0,12.0,5.0
3.0,13.0,5.0
3.0,14.0,0.0
3.0,15.0,0.0
3.0,16.0,0.0
3.0,17.0,0.0
3.0,18.0,0.0
4.0,0.0,0.0
4.0,1.0,4.0
4.0,2.0,9.0
4.0,3.0,9.0
4.0,4.0,9.0
4.0,5.0,9.0
4.0,6.0,9.0
4.0,7.0,9.0
4.0,8.0,9.0
4.0,9.0,9.0
4.0,10.0,9.0
4.0,11.0,11.0
4.0,12.0,0.0
4.0,13.0,0.0
4.0,14.0,0.0
4.0,15.0,0.0
4.0,16.0,0.0
4.0,17.0,0.0
4.0,18.0,0.0
5.0,0.0,12.0
5.0,1.0,4.0
5.0,2.0,12.0
5.0,3.0,8.0
5.0,4.0,5.0
5.0,5.0,5.0
5.0,6.0,5.0
5.0,7.0,5.0
5.0,8.0,5.0
5.0,9.0,5.0
5.0,10.0,5.0
5.0,11.0,5.0
5.0,12.0,5.0
5.0,13.0,5.0
5.0,14.0,12.0
5.0,15.0,12.0
5.0,16.0,12.0
5.0,17.0,12.0
5.0,18.0,12.0
6.0,0.0,12.0
6.0,1.0,12.0
6.0,2.0,5.0
6.0,3.0,5.0
6.0,4.0,5.0
6.0,5.0,5.0
6.0,6.0,5.0
6.0,7.0,5.0
6.0,8.0,5.0
6.0,9.0,5.0
6.0,10.0,5.0
6.0,11.0,5.0
6.0,12.0,12.0
6.0,13.0,12.0
6.0,14.0,12.0
6.0,15.0,12.0
6.0,16.0,12.0
6.0,17.0,12.0
6.0,18.0,12.0
7.0,0.0,0.0
7.0,1.0,0.0
7.0,2.0,0.0
7.0,3.0,0.0
7.0,4.0,0.0
7.0,5.0,0.0
7.0,6.0,0.0
7.0,7.0,0.0
7.0,8.0,0.0
7.0,9.0,0.0
7.0,10.0,0.0
7.0,11.0,0.0
7.0,12.0,0.0
7.0,13.0,0.0
7.0,14.0,0.0
7.0,15.0,0.0
7.0,16.0,0.0
7.0,17.0,0.0
7.0,18.0,0.0
8.0,0.0,0.0
8.0,1.0,0.0
8.0,2.0,3.0
8.0,3.0,0.0
8.0,4.0,0.0
8.0,5.0,0.0
8.0,6.0,0.0
8.0,7.0,0.0
8.0,8.0,0.0
8.0,9.0,0.0
8.0,10.0,0.0
8.0,11.0,0.0
8.0,12.0,0.0
8.0,13.0,0.0
8.0,14.0,0.0
8.0,15.0,0.0
8.0,16.0,0.0
8.0,17.0,0.0
8.0,18.0,0.0
9.0,0.0,12.0
9.0,1.0,12.0
9.0,2.0,12.0
9.0,3.0,12.0
9.0,4.0,9.0
9.0,5.0,9.0
9.0,6.0,9.0
9.0,7.0,9.0
9.0,8.0,9.0
9.0,9.0,9.0
9.0,10.0,9.0
9.0,11.0,9.0
9.0,12.0,9.0
9.0,13.0,9.0
9.0,14.0,8.0
9.0,15.0,12.0
9.0,16.0,12.0
9.0,17.0,12.0
9.0,18.0,12.0
10.0,0.0,0.0
10.0,1.0,0.0
10.0,2.0,9.0
10.0,3.0,9.0
10.0,4.0,9.0
10.0,5.0,9.0
10.0,6.0,9.0
10.0,7.0,9.0
10.0,8.0,9.0
10.0,9.0,9.0
10.0,10.0,9.0
10.0,11.0,9.0
10.0,12.0,9.0
10.0,13.0,9.0
10.0,14.0,11.0
10.0,15.0,0.0
10.0,16.0,0.0
10.0,17.0,0.0
10.0,18.0,0.0
11.0,0.0,12.0
11.0,1.0,12.0
11.0,2.0,9.0
11.0,3.0,9.0
11.0,4.0,9.0
11.0,5.0,9.0
11.0,6.0,9.0
11.0,7.0,9.0
11.0,8.0,9.0
11.0,9.0,9.0
11.0,10.0,9.0
11.0,11.0,9.0
11.0,12.0,11.0
11.0,13.0,12.0
11.0,14.0,12.0
11.0,15.0,12.0
11.0,16.0,12.0
11.0,17.0,12.0
11.0,18.0,12.0
12.0,0.0,12.0
12.0,1.0,12.0
12.0,2.0,9.0
12.0,3.0,9.0
12.0,4.0,9.0
12.0,5.0,9.0
12.0,6.0,9.0
12.0,7.0,9.0
12.0,8.0,9.0
12.0,9.0,9.0
12.0,10.0,9.0
12.0,11.0,9.0
12.0,12.0,9.0
12.0,13.0,9.0
12.0,14.0,12.0
12.0,15.0,12.0
12.0,16.0,12.0
12.0,17.0,12.0
12.0,18.0,12.0
13.0,0.0,12.0
13.0,1.0,12.0
13.0,2.0,12.0
13.0,3.0,12.0
13.0,4.0,9.0
13.0,5.0,9.0
13.0,6.0,9.0
13.0,7.0,9.0
13.0,8.0,9.0
13.0,9.0,9.0
13.0,10.0,9.0
13.0,11.0,9.0
13.0,12.0,9.0
13.0,13.0,9.0
13.0,14.0,12.0
13.0,15.0,12.0
13.0,16.0,12.0
13.0,17.0,12.0
13.0,18.0,12.0
14.0,0.0,12.0
14.0,1.0,13.0
14.0,2.0,13.0
14.0,3.0,4.0
14.0,4.0,5.0
14.0,5.0,5.0
14.0,6.0,5.0
14.0,7.0,5.0
14.0,8.0,5.0
14.0,9.0,5.0
14.0,10.0,5.0
14.0,11.0,5.0
14.0,12.0,5.0
14.0,13.0,5.0
14.0,14.0,5.0
14.0,15.0,5.0
14.0,16.0,15.0
14.0,17.0,12.0
14.0,18.0,12.0
15.0,0.0,0.0
15.0,1.0,0.0
15.0,2.0,0.0
15.0,3.0,0.0
15.0,4.0,5.0
15.0,5.0,5.0
15.0,6.0,5.0
15.0,7.0,5.0
15.0,8.0,5.0
15.0,9.0,5.0
15.0,10.0,5.0
15.0,11.0,5.0
15.0,12.0,5.0
15.0,13.0,5.0
15.0,14.0,5.0
15.0,15.0,6.0
15.0,16.0,0.0
15.0,17.0,0.0
15.0,18.0,0.0
16.0,0.0,12.0
16.0,1.0,12.0
16.0,2.0,12.0
16.0,3.0,12.0
16.0,4.0,9.0
16.0,5.0,9.0
16.0,6.0,9.0
16.0,7.0,9.0
16.0,8.0,9.0
16.0,9.0,9.0
16.0,10.0,9.0
16.0,11.0,9.0
16.0,12.0,9.0
16.0,13.0,9.0
16.0,14.0,12.0
16.0,15.0,12.0
16.0,16.0,3.0
16.0,17.0,12.0
16.0,18.0,12.0
17.0,0.0,12.0
17.0,1.0,11.0
17.0,2.0,5.0
17.0,3.0,5.0
17.0,4.0,5.0
17.0,5.0,5.0
17.0,6.0,5.0
17.0,7.0,5.0
17.0,8.0,5.0
17.0,9.0,5.0
17.0,10.0,5.0
17.0,11.0,5.0
17.0,12.0,7.0
17.0,13.0,15.0
17.0,14.0,12.0
17.0,15.0,12.0
17.0,16.0,12.0
17.0,17.0,12.0
17.0,18.0,12.0
18.0,0.0,0.0
18.0,1.0,0.0
18.0,2.0,0.0
18.0,3.0,0.0
18.0,4.0,0.0
18.0,5.0,0.0
18.0,6.0,0.0
18.0,7.0,0.0
18.0,8.0,0.0
18.0,9.0,0.0
18.0,10.0,0.0
18.0,11.0,0.0
18.0,12.0,0.0
18.0,13.0,0.0
18.0,14.0,0.0
18.0,15.0,0.0
18.0,16.0,0.0
18.0,17.0,0.0
18.0,18.0,0.0
19.0,0.0,0.0
19.0,1.0,0.0
19.0,2.0,0.0
19.0,3.0,0.0
19.0,4.0,0.0
19.0,5.0,0.0
19.0,6.0,0.0
19.0,7.0,0.0
19.0,8.0,0.0
19.0,9.0,0.0
19.0,10.0,0.0
19.0,11.0,0.0
19.0,12.0,0.0
19.0,13.0,1.0
19.0,14.0,0.0
19.0,15.0,0.0
19.0,16.0,0.0
19.0,17.0,0.0
19.0,18.0,0.0
20.0,0.0,0.0
20.0,1.0,0.0
20.0,2.0,9.0
20.0,3.0,9.0
20.0,4.0,9.0
20.0,5.0,9.0
20.0,6.0,9.0
20.0,7.0,9.0
20.0,8.0,9.0
20.0,9.0,9.0
20.0,10.0,9.0
20.0,11.0,9.0
20.0,12.0,14.0
20.0,13.0,0.0
20.0,14.0,0.0
20.0,15.0,0.0
20.0,16.0,0.0
20.0,17.0,0.0
20.0,18.0,0.0
21.0,0.0,0.0
21.0,1.0,0.0
21.0,2.0,5.0
21.0,3.0,5.0
21.0,4.0,5.0
21.0,5.0,5.0
21.0,6.0,5.0
21.0,7.0,5.0
21.0,8.0,5.0
21.0,9.0,5.0
21.0,10.0,5.0
21.0,11.0,5.0
21.0,12.0,5.0
21.0,13.0,1.0
21.0,14.0,0.0
21.0,15.0,0.0
21.0,16.0,0.0
21.0,17.0,0.0
21.0,18.0,0.0
22.0,0.0,0.0
22.0,1.0,9.0
22.0,2.0,15.0
22.0,3.0,0.0
22.0,4.0,0.0
22.0,5.0,0.0
22.0,6.0,4.0
22.0,7.0,0.0
22.0,8.0,0.0
22.0,9.0,0.0
22.0,10.0,0.0
22.0,11.0,0.0
22.0,12.0,0.0
22.0,13.0,0.0
22.0,14.0,0.0
22.0,15.0,0.0
22.0,16.0,3.0
22.0,17.0,0.0
22.0,18.0,0.0
23.0,0.0,12.0
23.0,1.0,12.0
23.0,2.0,12.0
23.0,3.0,12.0
23.0,4.0,14.0
23.0,5.0,12.0
23.0,6.0,12.0
23.0,7.0,12.0
23.0,8.0,12.0
23.0,9.0,12.0
23.0,10.0,12.0
23.0,11.0,15.0
23.0,12.0,12.0
23.0,13.0,14.0
23.0,14.0,12.0
23.0,15.0,12.0
23.0,16.0,14.0
23.0,17.0,12.0
23.0,18.0,12.0
24.0,0.0,12.0
24.0,1.0,12.0
24.0,2.0,12.0
24.0,3.0,12.0
24.0,4.0,12.0
24.0,5.0,12.0
24.0,6.0,12.0
24.0,7.0,12.0
24.0,8.0,3.0
24.0,9.0,6.0
24.0,10.0,6.0
24.0,11.0,12.0
24.0,12.0,15.0
24.0,13.0,12.0
24.0,14.0,12.0
24.0,15.0,12.0
24.0,16.0,14.0
24.0,17.0,12.0
24.0,18.0,12.0
25.0,0.0,0.0
25.0,1.0,0.0
25.0,2.0,9.0
25.0,3.0,9.0
25.0,4.0,9.0
25.0,5.0,9.0
25.0,6.0,9.0
25.0,7.0,9.0
25.0,8.0,9.0
25.0,9.0,9.0
25.0,10.0,9.0
25.0,11.0,9.0
25.0,12.0,0.0
25.0,13.0,0.0
25.0,14.0,0.0
25.0,15.0,0.0
25.0,16.0,0.0
25.0,17.0,0.0
25.0,18.0,0.0
26.0,0.0,0.0
26.0,1.0,1.0
26.0,2.0,5.0
26.0,3.0,5.0
26.0,4.0,5.0
26.0,5.0,5.0
26.0,6.0,5.0
26.0,7.0,5.0
26.0,8.0,5.0
26.0,9.0,5.0
26.0,10.0,5.0
26.0,11.0,5.0
26.0,12.0,5.0
26.0,13.0,4.0
26.0,14.0,5.0
26.0,15.0,0.0
26.0,16.0,0.0
26.0,17.0,0.0
26.0,18.0,0.0
27.0,0.0,12.0
27.0,1.0,12.0
27.0,2.0,12.0
27.0,3.0,9.0
27.0,4.0,9.0
27.0,5.0,9.0
27.0,6.0,9.0
27.0,7.0,9.0
27.0,8.0,9.0
27.0,9.0,9.0
27.0,10.0,9.0
27.0,11.0,9.0
27.0,12.0,9.0
27.0,13.0,9.0
27.0,14.0,4.0
27.0,15.0,12.0
27.0,16.0,12.0
27.0,17.0,12.0
27.0,18.0,12.0
28.0,0.0,12.0
28.0,1.0,13.0
28.0,2.0,14.0
28.0,3.0,5.0
28.0,4.0,5.0
28.0,5.0,5.0
28.0,6.0,5.0
28.0,7.0,5.0
28.0,8.0,5.0
28.0,9.0,5.0
28.0,10.0,5.0
28.0,11.0,5.0
28.0,12.0,5.0
28.0,13.0,5.0
28.0,14.0,12.0
28.0,15.0,12.0
28.0,16.0,12.0
28.0,17.0,12.0
28.0,18.0,12.0
29.0,0.0,12.0
29.0,1.0,12.0
29.0,2.0,4.0
29.0,3.0,5.0
29.0,4.0,5.0
29.0,5.0,5.0
29.0,6.0,5.0
29.0,7.0,5.0
29.0,8.0,5.0
29.0,9.0,5.0
29.0,10.0,5.0
29.0,11.0,5.0
29.0,12.0,12.0
29.0,13.0,12.0
29.0,14.0,12.0
29.0,15.0,12.0
29.0,16.0,14.0
29.0,17.0,12.0
29.0,18.0,12.0
30.0,0.0,12.0
30.0,1.0,12.0
30.0,2.0,13.0
30.0,3.0,12.0
30.0,4.0,12.0
30.0,5.0,13.0
30.0,6.0,12.0
30.0,7.0,10.0
30.0,8.0,12.0
30.0,9.0,14.0
30.0,10.0,12.0
30.0,11.0,5.0
30.0,12.0,4.0
30.0,13.0,1.0
30.0,14.0,3.0
30.0,15.0,3.0
30.0,16.0,3.0
30.0,17.0,12.0
30.0,18.0,12.0
31.0,0.0,0.0
31.0,1.0,0.0
31.0,2.0,0.0
31.0,3.0,0.0
31.0,4.0,0.0
31.0,5.0,1.0
31.0,6.0,0.0
31.0,7.0,0.0
31.0,8.0,0.0
31.0,9.0,0.0
31.0,10.0,0.0
31.0,11.0,0.0
31.0,12.0,0.0
31.0,13.0,7.0
31.0,14.0,0.0
31.0,15.0,4.0
31.0,16.0,0.0
31.0,17.0,0.0
31.0,18.0,0.0
32.0,0.0,0.0
32.0,1.0,0.0
32.0,2.0,5.0
32.0,3.0,5.0
32.0,4.0,5.0
32.0,5.0,5.0
32.0,6.0,5.0
32.0,7.0,5.0
32.0,8.0,5.0
32.0,9.0,5.0
32.0,10.0,5.0
32.0,11.0,5.0
32.0,12.0,5.0
32.0,13.0,0.0
32.0,14.0,9.0
32.0,15.0,0.0
32.0,16.0,2.0
32.0,17.0,0.0
32.0,18.0,0.0
33.0,0.0,12.0
33.0,1.0,12.0
33.0,2.0,12.0
33.0,3.0,12.0
33.0,4.0,12.0
33.0,5.0,12.0
33.0,6.0,12.0
33.0,7.0,12.0
33.0,8.0,12.0
33.0,9.0,12.0
33.0,10.0,12.0
33.0,11.0,12.0
33.0,12.0,10.0
33.0,13.0,12.0
33.0,14.0,12.0
33.0,15.0,14.0
33.0,16.0,12.0
33.0,17.0,12.0
33.0,18.0,12.0
34.0,0.0,12.0
34.0,1.0,12.0
34.0,2.0,12.0
34.0,3.0,9.0
34.0,4.0,9.0
34.0,5.0,9.0
34.0,6.0,9.0
34.0,7.0,9.0
34.0,8.0,9.0
34.0,9.0,9.0
34.0,10.0,9.0
34.0,11.0,9.0
34.0,12.0,9.0
34.0,13.0,9.0
34.0,14.0,9.0
34.0,15.0,8.0
34.0,16.0,12.0
34.0,17.0,12.0
34.0,18.0,12.0
35.0,0.0,0.0
35.0,1.0,0.0
35.0,2.0,0.0
35.0,3.0,0.0
35.0,4.0,0.0
35.0,5.0,0.0
35.0,6.0,0.0
35.0,7.0,0.0
35.0,8.0,0.0
35.0,9.0,0.0
35.0,10.0,0.0
35.0,11.0,0.0
35.0,12.0,10.0
35.0,13.0,0.0
35.0,14.0,0.0
35.0,15.0,0.0
35.0,16.0,0.0
35.0,17.0,0.0
35.0,18.0,0.0
36.0,0.0,12.0
36.0,1.0,12.0
36.0,2.0,15.0
36.0,3.0,15.0
36.0,4.0,12.0
36.0,5.0,14.0
36.0,6.0,12.0
36.0,7.0,12.0
36.0,8.0,15.0
36.0,9.0,12.0
36.0,10.0,12.0
36.0,11.0,1.0
36.0,12.0,0.0
36.0,13.0,12.0
36.0,14.0,12.0
36.0,15.0,12.0
36.0,16.0,12.0
36.0,17.0,12.0
36.0,18.0,12.0
37.0,0.0,12.0
37.0,1.0,12.0
37.0,2.0,12.0
37.0,3.0,12.0
37.0,4.0,12.0
37.0,5.0,12.0
37.0,6.0,12.0
37.0,7.0,12.0
37.0,8.0,12.0
37.0,9.0,12.0
37.0,10.0,6.0
37.0,11.0,4.0
37.0,12.0,7.0
37.0,13.0,4.0
37.0,14.0,11.0
37.0,15.0,12.0
37.0,16.0,12.0
37.0,17.0,12.0
37.0,18.0,12.0
38.0,0.0,12.0
38.0,1.0,12.0
38.0,2.0,9.0
38.0,3.0,9.0
38.0,4.0,9.0
38.0,5.0,9.0
38.0,6.0,9.0
38.0,7.0,9.0
38.0,8.0,9.0
38.0,9.0,9.0
38.0,10.0,9.0
38.0,11.0,9.0
38.0,12.0,9.0
38.0,13.0,9.0
38.0,14.0,12.0
38.0,15.0,12.0
38.0,16.0,12.0
38.0,17.0,12.0
38.0,18.0,12.0
39.0,0.0,12.0
39.0,1.0,12.0
39.0,2.0,4.0
39.0,3.0,5.0
39.0,4.0,5.0
39.0,5.0,5.0
39.0,6.0,5.0
39.0,7.0,5.0
39.0,8.0,5.0
39.0,9.0,5.0
39.0,10.0,5.0
39.0,11.0,5.0
39.0,12.0,4.0
39.0,13.0,14.0
39.0,14.0,13.0
39.0,15.0,12.0
39.0,16.0,12.0
39.0,17.0,12.0
39.0,18.0,12.0
40.0,0.0,12.0
40.0,1.0,12.0
40.0,2.0,12.0
40.0,3.0,12.0
40.0,4.0,12.0
40.0,5.0,12.0
40.0,6.0,12.0
40.0,7.0,12.0
40.0,8.0,12.0
40.0,9.0,12.0
40.0,10.0,12.0
40.0,11.0,12.0
40.0,12.0,15.0
40.0,13.0,15.0
40.0,14.0,12.0
40.0,15.0,12.0
40.0,16.0,14.0
40.0,17.0,12.0
40.0,18.0,12.0
41.0,0.0,0.0
41.0,1.0,0.0
41.0,2.0,0.0
41.0,3.0,0.0
41.0,4.0,0.0
41.0,5.0,0.0
41.0,6.0,0.0
41.0,7.0,0.0
41.0,8.0,0.0
41.0,9.0,0.0
41.0,10.0,4.0
41.0,11.0,1.0
41.0,12.0,0.0
41.0,13.0,0.0
41.0,14.0,0.0
41.0,15.0,0.0
41.0,16.0,0.0
41.0,17.0,0.0
41.0,18.0,0.0
42.0,0.0,12.0
42.0,1.0,12.0
42.0,2.0,12.0
42.0,3.0,9.0
42.0,4.0,9.0
42.0,5.0,9.0
42.0,6.0,9.0
42.0,7.0,9.0
42.0,8.0,9.0
42.0,9.0,9.0
42.0,10.0,9.0
42.0,11.0,9.0
42.0,12.0,9.0
42.0,13.0,12.0
42.0,14.0,12.0
42.0,15.0,12.0
42.0,16.0,12.0
42.0,17.0,12.0
42.0,18.0,12.0
43.0,0.0,0.0
43.0,1.0,0.0
43.0,2.0,0.0
43.0,3.0,0.0
43.0,4.0,0.0
43.0,5.0,0.0
43.0,6.0,0.0
43.0,7.0,0.0
43.0,8.0,0.0
43.0,9.0,0.0
43.0,10.0,0.0
43.0,11.0,0.0
43.0,12.0,13.0
43.0,13.0,0.0
43.0,14.0,0.0
43.0,15.0,0.0
43.0,16.0,0.0
43.0,17.0,0.0
43.0,18.0,0.0
44.0,0.0,0.0
44.0,1.0,0.0
44.0,2.0,0.0
44.0,3.0,0.0
44.0,4.0,9.0
44.0,5.0,3.0
44.0,6.0,0.0
44.0,7.0,0.0
44.0,8.0,0.0
44.0,9.0,0.0
44.0,10.0,2.0
44.0,11.0,0.0
44.0,12.0,0.0
44.0,13.0,0.0
44.0,14.0,0.0
44.0,15.0,0.0
44.0,16.0,0.0
44.0,17.0,0.0
44.0,18.0,0.0
45.0,0.0,12.0
45.0,1.0,12.0
45.0,2.0,12.0
45.0,3.0,13.0
45.0,4.0,12.0
45.0,5.0,12.0
45.0,6.0,12.0
45.0,7.0,12.0
45.0,8.0,12.0
45.0,9.0,12.0
45.0,10.0,12.0
45.0,11.0,12.0
45.0,12.0,12.0
45.0,13.0,12.0
45.0,14.0,12.0
45.0,15.0,12.0
45.0,16.0,12.0
45.0,17.0,12.0
45.0,18.0,12.0
46.0,0.0,12.0
46.0,1.0,15.0
46.0,2.0,12.0
46.0,3.0,12.0
46.0,4.0,9.0
46.0,5.0,9.0
46.0,6.0,9.0
46.0,7.0,9.0
46.0,8.0,9.0
46.0,9.0,9.0
46.0,10.0,9.0
46.0,11.0,9.0
46.0,12.0,9.0
46.0,13.0,9.0
46.0,14.0,9.0
46.0,15.0,9.0
46.0,16.0,12.0
46.0,17.0,12.0
46.0,18.0,12.0
47.0,0.0,12.0
47.0,1.0,14.0
47.0,2.0,12.0
47.0,3.0,4.0
47.0,4.0,5.0
47.0,5.0,5.0
47.0,6.0,5.0
47.0,7.0,5.0
47.0,8.0,5.0
47.0,9.0,5.0
47.0,10.0,5.0
47.0,11.0,5.0
47.0,12.0,5.0
47.0,13.0,5.0
47.0,14.0,6.0
47.0,15.0,12.0
47.0,16.0,12.0
47.0,17.0,12.0
47.0,18.0,12.0
48.0,0.0,12.0
48.0,1.0,12.0
48.0,2.0,5.0
48.0,3.0,5.0
48.0,4.0,5.0
48.0,5.0,5.0
48.0,6.0,5.0
48.0,7.0,5.0
48.0,8.0,5.0
48.0,9.0,5.0
48.0,10.0,5.0
48.0,11.0,5.0
48.0,12.0,12.0
48.0,13.0,12.0
48.0,14.0,12.0
48.0,15.0,12.0
48.0,16.0,12.0
48.0,17.0,12.0
48.0,18.0,12.0
49.0,0.0,0.0
49.0,1.0,0.0
49.0,2.0,0.0
49.0,3.0,9.0
49.0,4.0,9.0
49.0,5.0,9.0
49.0,6.0,9.0
49.0,7.0,9.0
49.0,8.0,9.0
49.0,9.0,9.0
49.0,10.0,9.0
49.0,11.0,9.0
49.0,12.0,9.0
49.0,13.0,9.0
49.0,14.0,9.0
49.0,15.0,9.0
49.0,16.0,11.0
49.0,17.0,0.0
49.0,18.0,0.0
50.0,0.0,12.0
50.0,1.0,12.0
50.0,2.0,12.0
50.0,3.0,5.0
50.0,4.0,5.0
50.0,5.0,5.0
50.0,6.0,5.0
50.0,7.0,5.0
50.0,8.0,5.0
50.0,9.0,5.0
50.0,10.0,5.0
50.0,11.0,5.0
50.0,12.0,5.0
50.0,13.0,5.0
50.0,14.0,5.0
50.0,15.0,12.0
50.0,16.0,12.0
50.0,17.0,12.0
50.0,18.0,12.0
51.0,0.0,12.0
51.0,1.0,9.0
51.0,2.0,5.0
51.0,3.0,12.0
51.0,4.0,12.0
51.0,5.0,12.0
51.0,6.0,12.0
51.0,7.0,12.0
51.0,8.0,12.0
51.0,9.0,14.0
51.0,10.0,12.0
51.0,11.0,14.0
51.0,12.0,12.0
51.0,13.0,12.0
51.0,14.0,12.0
51.0,15.0,12.0
51.0,16.0,12.0
51.0,17.0,12.0
51.0,18.0,12.0
52.0,0.0,0.0
52.0,1.0,0.0
52.0,2.0,0.0
52.0,3.0,0.0
52.0,4.0,0.0
52.0,5.0,0.0
52.0,6.0,3.0
52.0,7.0,0.0
52.0,8.0,0.0
52.0,9.0,0.0
52.0,10.0,0.0
52.0,11.0,0.0
52.0,12.0,0.0
52.0,13.0,0.0
52.0,14.0,0.0
52.0,15.0,0.0
52.0,16.0,0.0
52.0,17.0,0.0
52.0,18.0,0.0
53.0,0.0,0.0
53.0,1.0,12.0
53.0,2.0,5.0
53.0,3.0,5.0
53.0,4.0,5.0
53.0,5.0,5.0
53.0,6.0,5.0
53.0,7.0,5.0
53.0,8.0,5.0
53.0,9.0,5.0
53.0,10.0,5.0
53.0,11.0,5.0
53.0,12.0,5.0
53.0,13.0,5.0
53.0,14.0,0.0
53.0,15.0,0.0
53.0,16.0,0.0
53.0,17.0,0.0
53.0,18.0,0.0
54.0,0.0,12.0
54.0,1.0,12.0
54.0,2.0,12.0
54.0,3.0,5.0
54.0,4.0,5.0
54.0,5.0,5.0
54.0,6.0,5.0
54.0,7.0,5.0
54.0,8.0,5.0
54.0,9.0,5.0
54.0,10.0,5.0
54.0,11.0,5.0
54.0,12.0,5.0
54.0,13.0,9.0
54.0,14.0,15.0
54.0,15.0,10.0
54.0,16.0,12.0
54.0,17.0,12.0
54.0,18.0,12.0
55.0,0.0,12.0
55.0,1.0,12.0
55.0,2.0,5.0
55.0,3.0,5.0
55.0,4.0,5.0
55.0,5.0,5.0
55.0,6.0,5.0
55.0,7.0,5.0
55.0,8.0,5.0
55.0,9.0,5.0
55.0,10.0,5.0
55.0,11.0,5.0
55.0,12.0,5.0
55.0,13.0,5.0
55.0,14.0,12.0
55.0,15.0,12.0
55.0,16.0,12.0
55.0,17.0,12.0
55.0,18.0,12.0
56.0,0.0,0.0
56.0,1.0,0.0
56.0,2.0,0.0
56.0,3.0,0.0
56.0,4.0,0.0
56.0,5.0,0.0
56.0,6.0,0.0
56.0,7.0,1.0
56.0,8.0,0.0
56.0,9.0,0.0
56.0,10.0,0.0
56.0,11.0,4.0
56.0,12.0,0.0
56.0,13.0,0.0
56.0,14.0,0.0
56.0,15.0,0.0
56.0,16.0,0.0
56.0,17.0,0.0
56.0,18.0,0.0
57.0,0.0,12.0
57.0,1.0,12.0
57.0,2.0,5.0
57.0,3.0,5.0
57.0,4.0,5.0
57.0,5.0,5.0
57.0,6.0,5.0
57.0,7.0,5.0
57.0,8.0,5.0
57.0,9.0,5.0
57.0,10.0,5.0
57.0,11.0,5.0
57.0,12.0,4.0
57.0,13.0,5.0
57.0,14.0,6.0
57.0,15.0,12.0
57.0,16.0,12.0
57.0,17.0,12.0
57.0,18.0,12.0
58.0,0.0,0.0
58.0,1.0,0.0
58.0,2.0,0.0
58.0,3.0,12.0
58.0,4.0,9.0
58.0,5.0,9.0
58.0,6.0,9.0
58.0,7.0,9.0
58.0,8.0,9.0
58.0,9.0,9.0
58.0,10.0,9.0
58.0,11.0,9.0
58.0,12.0,9.0
58.0,13.0,9.0
58.0,14.0,4.0
58.0,15.0,0.0
58.0,16.0,0.0
58.0,17.0,0.0
58.0,18.0,0.0
59.0,0.0,0.0
59.0,1.0,0.0
59.0,2.0,5.0
59.0,3.0,5.0
59.0,4.0,5.0
59.0,5.0,5.0
59.0,6.0,5.0
59.0,7.0,5.0
59.0,8.0,5.0
59.0,9.0,5.0
59.0,10.0,5.0
59.0,11.0,5.0
59.0,12.0,0.0
59.0,13.0,0.0
59.0,14.0,0.0
59.0,15.0,0.0
59.0,16.0,0.0
59.0,17.0,0.0
59.0,18.0,0.0
60.0,0.0,12.0
60.0,1.0,12.0
60.0,2.0,12.0
60.0,3.0,15.0
60.0,4.0,15.0
60.0,5.0,12.0
60.0,6.0,12.0
60.0,7.0,12.0
60.0,8.0,12.0
60.0,9.0,12.0
60.0,10.0,12.0
60.0,11.0,12.0
60.0,12.0,12.0
60.0,13.0,12.0
60.0,14.0,12.0
60.0,15.0,12.0
60.0,16.0,12.0
60.0,17.0,12.0
60.0,18.0,12.0
61.0,0.0,12.0
61.0,1.0,12.0
61.0,2.0,12.0
61.0,3.0,12.0
61.0,4.0,12.0
61.0,5.0,12.0
61.0,6.0,1.0
61.0,7.0,11.0
61.0,8.0,4.0
61.0,9.0,12.0
61.0,10.0,12.0
61.0,11.0,10.0
61.0,12.0,12.0
61.0,13.0,12.0
61.0,14.0,12.0
61.0,15.0,12.0
61.0,16.0,12.0
61.0,17.0,12.0
61.0,18.0,12.0
62.0,0.0,0.0
62.0,1.0,3.0
62.0,2.0,2.0
62.0,3.0,0.0
62.0,4.0,9.0
62.0,5.0,9.0
62.0,6.0,9.0
62.0,7.0,9.0
62.0,8.0,9.0
62.0,9.0,9.0
62.0,10.0,9.0
62.0,11.0,9.0
62.0,12.0,9.0
62.0,13.0,9.0
62.0,14.0,9.0
62.0,15.0,9.0
62.0,16.0,13.0
62.0,17.0,0.0
62.0,18.0,0.0
63.0,0.0,0.0
63.0,1.0,0.0
63.0,2.0,9.0
63.0,3.0,9.0
63.0,4.0,9.0
63.0,5.0,9.0
63.0,6.0,9.0
63.0,7.0,9.0
63.0,8.0,9.0
63.0,9.0,9.0
63.0,10.0,9.0
63.0,11.0,9.0
63.0,12.0,9.0
63.0,13.0,9.0
63.0,14.0,4.0
63.0,15.0,0.0
63.0,16.0,0.0
63.0,17.0,0.0
63.0,18.0,0.0
64.0,0.0,0.0
64.0,1.0,10.0
64.0,2.0,8.0
64.0,3.0,6.0
64.0,4.0,9.0
64.0,5.0,9.0
64.0,6.0,9.0
64.0,7.0,9.0
64.0,8.0,9.0
64.0,9.0,9.0
64.0,10.0,9.0
64.0,11.0,9.0
64.0,12.0,9.0
64.0,13.0,8.0
64.0,14.0,0.0
64.0,15.0,0.0
64.0,16.0,2.0
64.0,17.0,0.0
64.0,18.0,0.0
65.0,0.0,12.0
65.0,1.0,12.0
65.0,2.0,12.0
65.0,3.0,12.0
65.0,4.0,12.0
65.0,5.0,12.0
65.0,6.0,12.0
65.0,7.0,12.0
65.0,8.0,12.0
65.0,9.0,12.0
65.0,10.0,12.0
65.0,11.0,12.0
65.0,12.0,12.0
65.0,13.0,12.0
65.0,14.0,12.0
65.0,15.0,12.0
65.0,16.0,12.0
65.0,17.0,12.0
65.0,18.0,12.0
66.0,0.0,0.0
66.0,1.0,11.0
66.0,2.0,0.0
66.0,3.0,0.0
66.0,4.0,0.0
66.0,5.0,0.0
66.0,6.0,0.0
66.0,7.0,7.0
66.0,8.0,0.0
66.0,9.0,0.0
66.0,10.0,0.0
66.0,11.0,0.0
66.0,12.0,0.0
66.0,13.0,0.0
66.0,14.0,0.0
66.0,15.0,2.0
66.0,16.0,0.0
66.0,17.0,0.0
66.0,18.0,0.0
67.0,0.0,12.0
67.0,1.0,12.0
67.0,2.0,12.0
67.0,3.0,8.0
67.0,4.0,9.0
67.0,5.0,9.0
67.0,6.0,9.0
67.0,7.0,9.0
67.0,8.0,9.0
67.0,9.0,9.0
67.0,10.0,9.0
67.0,11.0,9.0
67.0,12.0,9.0
67.0,13.0,12.0
67.0,14.0,12.0
67.0,15.0,12.0
67.0,16.0,12.0
67.0,17.0,12.0
67.0,18.0,12.0
68.0,0.0,0.0
68.0,1.0,0.0
68.0,2.0,0.0
68.0,3.0,0.0
68.0,4.0,0.0
68.0,5.0,0.0
68.0,6.0,2.0
68.0,7.0,0.0
68.0,8.0,0.0
68.0,9.0,15.0
68.0,10.0,4.0
68.0,11.0,14.0
68.0,12.0,0.0
68.0,13.0,0.0
68.0,14.0,0.0
68.0,15.0,0.0
68.0,16.0,0.0
68.0,17.0,0.0
68.0,18.0,0.0
69.0,0.0,0.0
69.0,1.0,0.0
69.0,2.0,0.0
69.0,3.0,0.0
69.0,4.0,3.0
69.0,5.0,3.0
69.0,6.0,5.0
69.0,7.0,15.0
69.0,8.0,11.0
69.0,9.0,0.0
69.0,10.0,10.0
69.0,11.0,14.0
69.0,12.0,10.0
69.0,13.0,4.0
69.0,14.0,0.0
69.0,15.0,0.0
69.0,16.0,0.0
69.0,17.0,0.0
69.0,18.0,0.0
70.0,0.0,0.0
70.0,1.0,0.0
70.0,2.0,0.0
70.0,3.0,0.0
70.0,4.0,0.0
70.0,5.0,0.0
70.0,6.0,0.0
70.0,7.0,0.0
70.0,8.0,0.0
70.0,9.0,0.0
70.0,10.0,0.0
70.0,11.0,0.0
70.0,12.0,0.0
70.0,13.0,0.0
70.0,14.0,0.0
70.0,15.0,0.0
70.0,16.0,5.0
70.0,17.0,0.0
70.0,18.0,0.0
71.0,0.0,0.0
71.0,1.0,0.0
71.0,2.0,0.0
71.0,3.0,9.0
71.0,4.0,9.0
71.0,5.0,9.0
71.0,6.0,9.0
71.0,7.0,9.0
71.0,8.0,9.0
71.0,9.0,9.0
71.0,10.0,9.0
71.0,11.0,9.0
71.0,12.0,0.0
71.0,13.0,0.0
71.0,14.0,0.0
71.0,15.0,0.0
71.0,16.0,0.0
71.0,17.0,0.0
71.0,18.0,0.0
72.0,0.0,12.0
72.0,1.0,12.0
72.0,2.0,5.0
72.0,3.0,5.0
72.0,4.0,5.0
72.0,5.0,5.0
72.0,6.0,5.0
72.0,7.0,5.0
72.0,8.0,5.0
72.0,9.0,5.0
72.0,10.0,5.0
72.0,11.0,9.0
72.0,12.0,12.0
72.0,13.0,12.0
72.0,14.0,12.0
72.0,15.0,12.0
72.0,16.0,12.0
72.0,17.0,12.0
72.0,18.0,12.0
73.0,0.0,12.0
73.0,1.0,12.0
73.0,2.0,12.0
73.0,3.0,12.0
73.0,4.0,12.0
73.0,5.0,12.0
73.0,6.0,12.0
73.0,7.0,12.0
73.0,8.0,12.0
73.0,9.0,12.0
73.0,10.0,12.0
73.0,11.0,12.0
73.0,12.0,12.0
73.0,13.0,12.0
73.0,14.0,12.0
73.0,15.0,12.0
73.0,16.0,12.0
73.0,17.0,12.0
73.0,18.0,12.0
74.0,0.0,0.0
74.0,1.0,0.0
74.0,2.0,0.0
74.0,3.0,0.0
74.0,4.0,9.0
74.0,5.0,9.0
74.0,6.0,9.0
74.0,7.0,9.0
74.0,8.0,9.0
74.0,9.0,9.0
74.0,10.0,9.0
74.0,11.0,9.0
74.0,12.0,9.0
74.0,13.0,0.0
74.0,14.0,0.0
74.0,15.0,0.0
74.0,16.0,0.0
74.0,17.0,0.0
74.0,18.0,0.0
75.0,0.0,0.0
75.0,1.0,0.0
75.0,2.0,0.0
75.0,3.0,0.0
75.0,4.0,0.0
75.0,5.0,0.0
75.0,6.0,0.0
75.0,7.0,0.0
75.0,8.0,5.0
75.0,9.0,7.0
75.0,10.0,0.0
75.0,11.0,0.0
75.0,12.0,0.0
75.0,13.0,2.0
75.0,14.0,0.0
75.0,15.0,0.0
75.0,16.0,0.0
75.0,17.0,0.0
75.0,18.0,0.0
76.0,0.0,12.0
76.0,1.0,12.0
76.0,2.0,12.0
76.0,3.0,12.0
76.0,4.0,9.0
76.0,5.0,9.0
76.0,6.0,9.0
76.0,7.0,9.0
76.0,8.0,9.0
76.0,9.0,9.0
76.0,10.0,9.0
76.0,11.0,9.0
76.0,12.0,9.0
76.0,13.0,9.0
76.0,14.0,9.0
76.0,15.0,12.0
76.0,16.0,12.0
76.0,17.0,12.0
76.0,18.0,12.0
77.0,0.0,0.0
77.0,1.0,1.0
77.0,2.0,0.0
77.0,3.0,5.0
77.0,4.0,5.0
77.0,5.0,5.0
77.0,6.0,5.0
77.0,7.0,5.0
77.0,8.0,5.0
77.0,9.0,5.0
77.0,10.0,5.0
77.0,11.0,5.0
77.0,12.0,4.0
77.0,13.0,9.0
77.0,14.0,0.0
77.0,15.0,0.0
77.0,16.0,2.0
77.0,17.0,0.0
77.0,18.0,0.0
78.0,0.0,0.0
78.0,1.0,0.0
78.0,2.0,8.0
78.0,3.0,9.0
78.0,4.0,9.0
78.0,5.0,9.0
78.0,6.0,9.0
78.0,7.0,9.0
78.0,8.0,9.0
78.0,9.0,9.0
78.0,10.0,9.0
78.0,11.0,9.0
78.0,12.0,0.0
78.0,13.0,0.0
78.0,14.0,0.0
78.0,15.0,0.0
78.0,16.0,0.0
78.0,17.0,0.0
78.0,18.0,0.0
79.0,0.0,12.0
79.0,1.0,11.0
79.0,2.0,9.0
79.0,3.0,9.0
79.0,4.0,9.0
79.0,5.0,9.0
79.0,6.0,9.0
79.0,7.0,9.0
79.0,8.0,9.0
79.0,9.0,9.0
79.0,10.0,9.0
79.0,11.0,9.0
79.0,12.0,9.0
79.0,13.0,9.0
79.0,14.0,15.0
79.0,15.0,12.0
79.0,16.0,12.0
79.0,17.0,12.0
79.0,18.0,12.0
80.0,0.0,12.0
80.0,1.0,1.0
80.0,2.0,5.0
80.0,3.0,5.0
80.0,4.0,5.0
80.0,5.0,5.0
80.0,6.0,5.0
80.0,7.0,5.0
80.0,8.0,5.0
80.0,9.0,5.0
80.0,10.0,5.0
80.0,11.0,5.0
80.0,12.0,5.0
80.0,13.0,5.0
80.0,14.0,4.0
80.0,15.0,12.0
80.0,16.0,12.0
80.0,17.0,12.0
80.0,18.0,12.0
81.0,0.0,0.0
81.0,1.0,0.0
81.0,2.0,0.0
81.0,3.0,0.0
81.0,4.0,0.0
81.0,5.0,0.0
81.0,6.0,0.0
81.0,7.0,0.0
81.0,8.0,0.0
81.0,9.0,0.0
81.0,10.0,0.0
81.0,11.0,0.0
81.0,12.0,0.0
81.0,13.0,0.0
81.0,14.0,0.0
81.0,15.0,0.0
81.0,16.0,0.0
81.0,17.0,0.0
81.0,18.0,0.0
82.0,0.0,12.0
82.0,1.0,12.0
82.0,2.0,12.0
82.0,3.0,9.0
82.0,4.0,9.0
82.0,5.0,9.0
82.0,6.0,9.0
82.0,7.0,9.0
82.0,8.0,9.0
82.0,9.0,9.0
82.0,10.0,9.0
82.0,11.0,9.0
82.0,12.0,12.0
82.0,13.0,12.0
82.0,14.0,12.0
82.0,15.0,6.0
82.0,16.0,3.0
82.0,17.0,12.0
82.0,18.0,12.0
83.0,0.0,0.0
83.0,1.0,0.0
83.0,2.0,0.0
83.0,3.0,0.0
83.0,4.0,5.0
83.0,5.0,5.0
83.0,6.0,5.0
83.0,7.0,5.0
83.0,8.0,5.0
83.0,9.0,5.0
83.0,10.0,5.0
83.0,11.0,5.0
83.0,12.0,5.0
83.0,13.0,5.0
83.0,14.0,5.0
83.0,15.0,1.0
83.0,16.0,0.0
83.0,17.0,0.0
83.0,18.0,0.0
84.0,0.0,12.0
84.0,1.0,12.0
84.0,2.0,12.0
84.0,3.0,15.0
84.0,4.0,15.0
84.0,5.0,14.0
84.0,6.0,12.0
84.0,7.0,12.0
84.0,8.0,12.0
84.0,9.0,12.0
84.0,10.0,12.0
84.0,11.0,12.0
84.0,12.0,12.0
84.0,13.0,12.0
84.0,14.0,12.0
84.0,15.0,12.0
84.0,16.0,12.0
84.0,17.0,12.0
84.0,18.0,12.0
85.0,0.0,12.0
85.0,1.0,1.0
85.0,2.0,14.0
85.0,3.0,6.0
85.0,4.0,5.0
85.0,5.0,5.0
85.0,6.0,5.0
85.0,7.0,5.0
85.0,8.0,5.0
85.0,9.0,5.0
85.0,10.0,5.0
85.0,11.0,5.0
85.0,12.0,5.0
85.0,13.0,5.0
85.0,14.0,5.0
85.0,15.0,12.0
85.0,16.0,12.0
85.0,17.0,12.0
85.0,18.0,12.0
86.0,0.0,12.0
86.0,1.0,12.0
86.0,2.0,9.0
86.0,3.0,9.0
86.0,4.0,9.0
86.0,5.0,9.0
86.0,6.0,9.0
86.0,7.0,9.0
86.0,8.0,9.0
86.0,9.0,9.0
86.0,10.0,9.0
86.0,11.0,9.0
86.0,12.0,9.0
86.0,13.0,12.0
86.0,14.0,13.0
86.0,15.0,12.0
86.0,16.0,12.0
86.0,17.0,12.0
86.0,18.0,12.0
87.0,0.0,12.0
87.0,1.0,9.0
87.0,2.0,9.0
87.0,3.0,9.0
87.0,4.0,9.0
87.0,5.0,9.0
87.0,6.0,9.0
87.0,7.0,9.0
87.0,8.0,9.0
87.0,9.0,9.0
87.0,10.0,9.0
87.0,11.0,9.0
87.0,12.0,4.0
87.0,13.0,12.0
87.0,14.0,12.0
87.0,15.0,12.0
87.0,16.0,12.0
87.0,17.0,12.0
87.0,18.0,12.0
88.0,0.0,0.0
88.0,1.0,0.0
88.0,2.0,0.0
88.0,3.0,4.0
88.0,4.0,9.0
88.0,5.0,9.0
88.0,6.0,9.0
88.0,7.0,9.0
88.0,8.0,9.0
88.0,9.0,9.0
88.0,10.0,9.0
88.0,11.0,9.0
88.0,12.0,9.0
88.0,13.0,9.0
88.0,14.0,9.0
88.0,15.0,9.0
88.0,16.0,5.0
88.0,17.0,0.0
88.0,18.0,0.0
89.0,0.0,12.0
89.0,1.0,12.0
89.0,2.0,8.0
89.0,3.0,9.0
89.0,4.0,9.0
89.0,5.0,9.0
89.0,6.0,9.0
89.0,7.0,9.0
89.0,8.0,9.0
89.0,9.0,9.0
89.0,10.0,9.0
89.0,11.0,9.0
89.0,12.0,9.0
89.0,13.0,13.0
89.0,14.0,12.0
89.0,15.0,12.0
89.0,16.0,12.0
89.0,17.0,12.0
89.0,18.0,12.0
90.0,0.0,12.0
90.0,1.0,12.0
90.0,2.0,12.0
90.0,3.0,12.0
90.0,4.0,12.0
90.0,5.0,12.0
90.0,6.0,12.0
90.0,7.0,12.0
90.0,8.0,12.0
90.0,9.0,12.0
90.0,10.0,12.0
90.0,11.0,12.0
90.0,12.0,12.0
90.0,13.0,12.0
90.0,14.0,12.0
90.0,15.0,6.0
90.0,16.0,4.0
90.0,17.0,12.0
90.0,18.0,12.0
91.0,0.0,12.0
91.0,1.0,12.0
91.0,2.0,4.0
91.0,3.0,6.0
91.0,4.0,9.0
91.0,5.0,9.0
91.0,6.0,9.0
91.0,7.0,9.0
91.0,8.0,9.0
91.0,9.0,9.0
91.0,10.0,9.0
91.0,11.0,9.0
91.0,12.0,9.0
91.0,13.0,9.0
91.0,14.0,9.0
91.0,15.0,9.0
91.0,16.0,12.0
91.0,17.0,12.0
91.0,18.0,12.0
92.0,0.0,0.0
92.0,1.0,0.0
92.0,2.0,0.0
92.0,3.0,0.0
92.0,4.0,5.0
92.0,5.0,5.0
92.0,6.0,5.0
92.0,7.0,5.0
92.0,8.0,5.0
92.0,9.0,5.0
92.0,10.0,5.0
92.0,11.0,5.0
92.0,12.0,5.0
92.0,13.0,5.0
92.0,14.0,5.0
92.0,15.0,0.0
92.0,16.0,0.0
92.0,17.0,0.0
92.0,18.0,0.0
93.0,0.0,12.0
93.0,1.0,12.0
93.0,2.0,12.0
93.0,3.0,4.0
93.0,4.0,5.0
93.0,5.0,5.0
93.0,6.0,5.0
93.0,7.0,5.0
93.0,8.0,5.0
93.0,9.0,5.0
93.0,10.0,5.0
93.0,11.0,5.0
93.0,12.0,5.0
93.0,13.0,12.0
93.0,14.0,12.0
93.0,15.0,12.0
93.0,16.0,12.0
93.0,17.0,12.0
93.0,18.0,12.0
94.0,0.0,12.0
94.0,1.0,12.0
94.0,2.0,9.0
94.0,3.0,9.0
94.0,4.0,9.0
94.0,5.0,9.0
94.0,6.0,9.0
94.0,7.0,9.0
94.0,8.0,9.0
94.0,9.0,9.0
94.0,10.0,9.0
94.0,11.0,10.0
94.0,12.0,11.0
94.0,13.0,12.0
94.0,14.0,12.0
94.0,15.0,15.0
94.0,16.0,13.0
94.0,17.0,12.0
94.0,18.0,12.0
95.0,0.0,0.0
95.0,1.0,0.0
95.0,2.0,0.0
95.0,3.0,0.0
95.0,4.0,9.0
95.0,5.0,9.0
95.0,6.0,9.0
95.0,7.0,9.0
95.0,8.0,9.0
95.0,9.0,9.0
95.0,10.0,9.0
95.0,11.0,9.0
95.0,12.0,9.0
95.0,13.0,9.0
95.0,14.0,0.0
95.0,15.0,0.0
95.0,16.0,0.0
95.0,17.0,0.0
95.0,18.0,0.0
96.0,0.0,0.0
96.0,1.0,0.0
96.0,2.0,5.0
96.0,3.0,5.0
96.0,4.0,5.0
96.0,5.0,5.0
96.0,6.0,5.0
96.0,7.0,5.0
96.0,8.0,5.0
96.0,9.0,5.0
96.0,10.0,5.0
96.0,11.0,5.0
96.0,12.0,0.0
96.0,13.0,0.0
96.0,14.0,0.0
96.0,15.0,0.0
96.0,16.0,0.0
96.0,17.0,0.0
96.0,18.0,0.0
97.0,0.0,12.0
97.0,1.0,14.0
97.0,2.0,12.0
97.0,3.0,12.0
97.0,4.0,12.0
97.0,5.0,12.0
97.0,6.0,12.0
97.0,7.0,5.0
97.0,8.0,12.0
97.0,9.0,12.0
97.0,10.0,12.0
97.0,11.0,12.0
97.0,12.0,12.0
97.0,13.0,12.0
97.0,14.0,12.0
97.0,15.0,12.0
97.0,16.0,12.0
97.0,17.0,12.0
97.0,18.0,12.0
98.0,0.0,12.0
98.0,1.0,12.0
98.0,2.0,12.0
98.0,3.0,5.0
98.0,4.0,5.0
98.0,5.0,5.0
98.0,6.0,5.0
98.0,7.0,5.0
98.0,8.0,5.0
98.0,9.0,5.0
98.0,10.0,5.0
98.0,11.0,5.0
98.0,12.0,5.0
98.0,13.0,7.0
98.0,14.0,12.0
98.0,15.0,12.0
98.0,16.0,12.0
98.0,17.0,12.0
98.0,18.0,12.0
99.0,0.0,12.0
99.0,1.0,4.0
99.0,2.0,13.0
99.0,3.0,12.0
99.0,4.0,12.0
99.0,5.0,12.0
99.0,6.0,12.0
99.0,7.0,12.0
99.0,8.0,12.0
99.0,9.0,12.0
99.0,10.0,12.0
99.0,11.0,14.0
99.0,12.0,12.0
99.0,13.0,12.0
99.0,14.0,12.0
99.0,15.0,12.0
99.0,16.0,12.0
99.0,17.0,12.0
99.0,18.0,12.0
100.0,0.0,0.0
100.0,1.0,0.0
100.0,2.0,2.0
100.0,3.0,0.0
100.0,4.0,0.0
100.0,5.0,0.0
100.0,6.0,0.0
100.0,7.0,14.0
100.0,8.0,2.0
100.0,9.0,0.0
100.0,10.0,0.0
100.0,11.0,0.0
100.0,12.0,0.0
100.0,13.0,0.0
100.0,14.0,0.0
100.0,15.0,0.0
100.0,16.0,0.0
100.0,17.0,0.0
100.0,18.0,0.0
101.0,0.0,0.0
101.0,1.0,0.0
101.0,2.0,1.0
101.0,3.0,0.0
101.0,4.0,0.0
101.0,5.0,0.0
101.0,6.0,9.0
101.0,7.0,0.0
101.0,8.0,0.0
101.0,9.0,0.0
101.0,10.0,0.0
101.0,11.0,0.0
101.0,12.0,0.0
101.0,13.0,4.0
101.0,14.0,5.0
101.0,15.0,4.0
101.0,16.0,0.0
101.0,17.0,0.0
101.0,18.0,0.0
102.0,0.0,0.0
102.0,1.0,1.0
102.0,2.0,0.0
102.0,3.0,9.0
102.0,4.0,9.0
102.0,5.0,9.0
102.0,6.0,9.0
102.0,7.0,9.0
102.0,8.0,9.0
102.0,9.0,9.0
102.0,10.0,9.0
102.0,11.0,9.0
102.0,12.0,9.0
102.0,13.0,11.0
102.0,14.0,11.0
102.0,15.0,0.0
102.0,16.0,0.0
102.0,17.0,0.0
102.0,18.0,0.0
103.0,0.0,0.0
103.0,1.0,0.0
103.0,2.0,10.0
103.0,3.0,9.0
103.0,4.0,9.0
103.0,5.0,9.0
103.0,6.0,9.0
103.0,7.0,9.0
103.0,8.0,9.0
103.0,9.0,9.0
103.0,10.0,9.0
103.0,11.0,9.0
103.0,12.0,9.0
103.0,13.0,9.0
103.0,14.0,9.0
103.0,15.0,10.0
103.0,16.0,15.0
103.0,17.0,0.0
103.0,18.0,0.0
104.0,0.0,12.0
104.0,1.0,14.0
104.0,2.0,9.0
104.0,3.0,9.0
104.0,4.0,9.0
104.0,5.0,9.0
104.0,6.0,9.0
104.0,7.0,9.0
104.0,8.0,9.0
104.0,9.0,9.0
104.0,10.0,9.0
104.0,11.0,9.0
104.0,12.0,8.0
104.0,13.0,12.0
104.0,14.0,12.0
104.0,15.0,12.0
104.0,16.0,12.0
104.0,17.0,12.0
104.0,18.0,12.0
105.0,0.0,0.0
105.0,1.0,0.0
105.0,2.0,0.0
105.0,3.0,0.0
105.0,4.0,0.0
105.0,5.0,0.0
105.0,6.0,0.0
105.0,7.0,0.0
105.0,8.0,0.0
105.0,9.0,0.0
105.0,10.0,0.0
105.0,11.0,0.0
105.0,12.0,0.0
105.0,13.0,0.0
105.0,14.0,0.0
105.0,15.0,0.0
105.0,16.0,0.0
105.0,17.0,0.0
105.0,18.0,0.0
106.0,0.0,12.0
106.0,1.0,12.0
106.0,2.0,12.0
106.0,3.0,12.0
106.0,4.0,12.0
106.0,5.0,12.0
106.0,6.0,12.0
106.0,7.0,3.0
106.0,8.0,12.0
106.0,9.0,12.0
106.0,10.0,14.0
106.0,11.0,12.0
106.0,12.0,12.0
106.0,13.0,15.0
106.0,14.0,12.0
106.0,15.0,12.0
106.0,16.0,12.0
106.0,17.0,12.0
106.0,18.0,12.0
107.0,0.0,0.0
107.0,1.0,0.0
107.0,2.0,0.0
107.0,3.0,8.0
107.0,4.0,5.0
107.0,5.0,5.0
107.0,6.0,5.0
107.0,7.0,5.0
107.0,8.0,5.0
107.0,9.0,5.0
107.0,10.0,5.0
107.0,11.0,5.0
107.0,12.0,5.0
107.0,13.0,5.0
107.0,14.0,5.0
107.0,15.0,5.0
107.0,16.0,5.0
107.0,17.0,0.0
107.0,18.0,0.0
108.0,0.0,12.0
108.0,1.0,12.0
108.0,2.0,12.0
108.0,3.0,9.0
108.0,4.0,9.0
108.0,5.0,9.0
108.0,6.0,9.0
108.0,7.0,9.0
108.0,8.0,9.0
108.0,9.0,9.0
108.0,10.0,9.0
108.0,11.0,9.0
108.0,12.0,9.0
108.0,13.0,12.0
108.0,14.0,12.0
108.0,15.0,12.0
108.0,16.0,12.0
108.0,17.0,12.0
108.0,18.0,12.0
109.0,0.0,0.0
109.0,1.0,0.0
109.0,2.0,3.0
109.0,3.0,0.0
109.0,4.0,3.0
109.0,5.0,10.0
109.0,6.0,8.0
109.0,7.0,0.0
109.0,8.0,0.0
109.0,9.0,13.0
109.0,10.0,12.0
109.0,11.0,0.0
109.0,12.0,0.0
109.0,13.0,0.0
109.0,14.0,0.0
109.0,15.0,0.0
109.0,16.0,0.0
109.0,17.0,0.0
109.0,18.0,0.0
110.0,0.0,0.0
110.0,1.0,0.0
110.0,2.0,0.0
110.0,3.0,5.0
110.0,4.0,5.0
110.0,5.0,5.0
110.0,6.0,5.0
110.0,7.0,5.0
110.0,8.0,5.0
110.0,9.0,5.0
110.0,10.0,5.0
110.0,11.0,5.0
110.0,12.0,4.0
110.0,13.0,0.0
110.0,14.0,0.0
110.0,15.0,0.0
110.0,16.0,0.0
110.0,17.0,0.0
110.0,18.0,0.0
111.0,0.0,12.0
111.0,1.0,12.0
111.0,2.0,12.0
111.0,3.0,12.0
111.0,4.0,12.0
111.0,5.0,12.0
111.0,6.0,12.0
111.0,7.0,12.0
111.0,8.0,12.0
111.0,9.0,12.0
111.0,10.0,12.0
111.0,11.0,12.0
111.0,12.0,12.0
111.0,13.0,12.0
111.0,14.0,12.0
111.0,15.0,12.0
111.0,16.0,12.0
111.0,17.0,12.0
111.0,18.0,12.0
112.0,0.0,12.0
112.0,1.0,12.0
112.0,2.0,10.0
112.0,3.0,9.0
112.0,4.0,9.0
112.0,5.0,9.0
112.0,6.0,9.0
112.0,7.0,9.0
112.0,8.0,9.0
112.0,9.0,9.0
112.0,10.0,9.0
112.0,11.0,9.0
112.0,12.0,9.0
112.0,13.0,9.0
112.0,14.0,14.0
112.0,15.0,12.0
112.0,16.0,12.0
112.0,17.0,12.0
112.0,18.0,12.0
113.0,0.0,0.0
113.0,1.0,0.0
113.0,2.0,5.0
113.0,3.0,5.0
113.0,4.0,5.0
113.0,5.0,5.0
113.0,6.0,5.0
113.0,7.0,5.0
113.0,8.0,5.0
113.0,9.0,5.0
113.0,10.0,5.0
113.0,11.0,5.0
113.0,12.0,4.0
113.0,13.0,7.0
113.0,14.0,5.0
113.0,15.0,0.0
113.0,16.0,0.0
113.0,17.0,0.0
113.0,18.0,0.0
114.0,0.0,12.0
114.0,1.0,12.0
114.0,2.0,9.0
114.0,3.0,9.0
114.0,4.0,9.0
114.0,5.0,9.0
114.0,6.0,9.0
114.0,7.0,9.0
114.0,8.0,9.0
114.0,9.0,9.0
114.0,10.0,9.0
114.0,11.0,9.0
114.0,12.0,9.0
114.0,13.0,9.0
114.0,14.0,4.0
114.0,15.0,7.0
114.0,16.0,5.0
114.0,17.0,12.0
114.0,18.0,12.0
115.0,0.0,12.0
115.0,1.0,12.0
115.0,2.0,12.0
115.0,3.0,12.0
115.0,4.0,10.0
115.0,5.0,8.0
115.0,6.0,12.0
115.0,7.0,14.0
115.0,8.0,12.0
115.0,9.0,12.0
115.0,10.0,12.0
115.0,11.0,12.0
115.0,12.0,12.0
115.0,13.0,12.0
115.0,14.0,12.0
115.0,15.0,12.0
115.0,16.0,12.0
115.0,17.0,12.0
115.0,18.0,12.0
116.0,0.0,0.0
116.0,1.0,0.0
116.0,2.0,5.0
116.0,3.0,5.0
116.0,4.0,5.0
116.0,5.0,5.0
116.0,6.0,5.0
116.0,7.0,5.0
116.0,8.0,5.0
116.0,9.0,5.0
116.0,10.0,5.0
116.0,11.0,5.0
116.0,12.0,5.0
116.0,13.0,5.0
116.0,14.0,5.0
116.0,15.0,1.0
116.0,16.0,0.0
116.0,17.0,0.0
116.0,18.0,0.0
117.0,0.0,12.0
117.0,1.0,14.0
117.0,2.0,4.0
117.0,3.0,5.0
117.0,4.0,5.0
117.0,5.0,5.0
117.0,6.0,5.0
117.0,7.0,5.0
117.0,8.0,5.0
117.0,9.0,5.0
117.0,10.0,5.0
117.0,11.0,5.0
117.0,12.0,5.0
117.0,13.0,5.0
117.0,14.0,0.0
117.0,15.0,0.0
117.0,16.0,15.0
117.0,17.0,12.0
117.0,18.0,12.0
118.0,0.0,0.0
118.0,1.0,0.0
118.0,2.0,5.0
118.0,3.0,5.0
118.0,4.0,5.0
118.0,5.0,5.0
118.0,6.0,5.0
118.0,7.0,5.0
118.0,8.0,5.0
118.0,9.0,5.0
118.0,10.0,5.0
118.0,11.0,4.0
118.0,12.0,4.0
118.0,13.0,12.0
118.0,14.0,0.0
118.0,15.0,0.0
118.0,16.0,0.0
118.0,17.0,0.0
118.0,18.0,0.0
119.0,0.0,12.0
119.0,1.0,12.0
119.0,2.0,14.0
119.0,3.0,9.0
119.0,4.0,9.0
119.0,5.0,9.0
119.0,6.0,9.0
119.0,7.0,9.0
119.0,8.0,9.0
119.0,9.0,9.0
119.0,10.0,9.0
119.0,11.0,9.0
119.0,12.0,9.0
119.0,13.0,9.0
119.0,14.0,9.0
119.0,15.0,5.0
119.0,16.0,12.0
119.0,17.0,12.0
119.0,18.0,12.0
120.0,0.0,0.0
120.0,1.0,0.0
120.0,2.0,0.0
120.0,3.0,0.0
120.0,4.0,0.0
120.0,5.0,0.0
120.0,6.0,0.0
120.0,7.0,0.0
120.0,8.0,0.0
120.0,9.0,0.0
120.0,10.0,0.0
120.0,11.0,0.0
120.0,12.0,0.0
120.0,13.0,9.0
120.0,14.0,0.0
120.0,15.0,0.0
120.0,16.0,0.0
120.0,17.0,0.0
120.0,18.0,0.0
121.0,0.0,12.0
121.0,1.0,12.0
121.0,2.0,4.0
121.0,3.0,5.0
121.0,4.0,5.0
121.0,5.0,5.0
121.0,6.0,5.0
121.0,7.0,5.0
121.0,8.0,5.0
121.0,9.0,5.0
121.0,10.0,5.0
121.0,11.0,5.0
121.0,12.0,5.0
121.0,13.0,5.0
121.0,14.0,5.0
121.0,15.0,12.0
121.0,16.0,12.0
121.0,17.0,12.0
121.0,18.0,12.0
122.0,0.0,0.0
122.0,1.0,1.0
122.0,2.0,4.0
122.0,3.0,0.0
122.0,4.0,5.0
122.0,5.0,5.0
122.0,6.0,5.0
122.0,7.0,5.0
122.0,8.0,5.0
122.0,9.0,5.0
122.0,10.0,5.0
122.0,11.0,5.0
122.0,12.0,5.0
122.0,13.0,0.0
122.0,14.0,0.0
122.0,15.0,4.0
122.0,16.0,0.0
122.0,17.0,0.0
122.0,18.0,0.0
123.0,0.0,12.0
123.0,1.0,12.0
123.0,2.0,12.0
123.0,3.0,12.0
123.0,4.0,12.0
123.0,5.0,12.0
123.0,6.0,12.0
123.0,7.0,12.0
123.0,8.0,12.0
123.0,9.0,12.0
123.0,10.0,12.0
123.0,11.0,12.0
123.0,12.0,12.0
123.0,13.0,12.0
123.0,14.0,15.0
123.0,15.0,12.0
123.0,16.0,12.0
123.0,17.0,12.0
123.0,18.0,12.0
124.0,0.0,0.0
124.0,1.0,0.0
124.0,2.0,0.0
124.0,3.0,0.0
124.0,4.0,9.0
124.0,5.0,9.0
124.0,6.0,9.0
124.0,7.0,9.0
124.0,8.0,9.0
124.0,9.0,9.0
124.0,10.0,9.0
124.0,11.0,9.0
124.0,12.0,9.0
124.0,13.0,9.0
124.0,14.0,9.0
124.0,15.0,11.0
124.0,16.0,0.0
124.0,17.0,0.0
124.0,18.0,0.0
125.0,0.0,0.0
125.0,1.0,0.0
125.0,2.0,5.0
125.0,3.0,5.0
125.0,4.0,5.0
125.0,5.0,5.0
125.0,6.0,5.0
125.0,7.0,5.0
125.0,8.0,5.0
125.0,9.0,5.0
125.0,10.0,5.0
125.0,11.0,5.0
125.0,12.0,0.0
125.0,13.0,0.0
125.0,14.0,0.0
125.0,15.0,3.0
125.0,16.0,0.0
125.0,17.0,0.0
125.0,18.0,0.0
126.0,0.0,12.0
126.0,1.0,12.0
126.0,2.0,5.0
126.0,3.0,5.0
126.0,4.0,5.0
126.0,5.0,5.0
126.0,6.0,5.0
126.0,7.0,5.0
126.0,8.0,5.0
126.0,9.0,5.0
126.0,10.0,5.0
126.0,11.0,5.0
126.0,12.0,5.0
126.0,13.0,5.0
126.0,14.0,12.0
126.0,15.0,12.0
126.0,16.0,15.0
126.0,17.0,12.0
126.0,18.0,12.0
127.0,0.0,0.0
127.0,1.0,0.0
127.0,2.0,0.0
127.0,3.0,1.0
127.0,4.0,5.0
127.0,5.0,5.0
127.0,6.0,5.0
127.0,7.0,5.0
127.0,8.0,5.0
127.0,9.0,5.0
127.0,10.0,5.0
127.0,11.0,5.0
127.0,12.0,5.0
127.0,13.0,5.0
127.0,14.0,0.0
127.0,15.0,0.0
127.0,16.0,0.0
127.0,17.0,0.0
127.0,18.0,0.0
128.0,0.0,12.0
128.0,1.0,14.0
128.0,2.0,12.0
128.0,3.0,5.0
128.0,4.0,5.0
128.0,5.0,5.0
128.0,6.0,5.0
128.0,7.0,5.0
128.0,8.0,5.0
128.0,9.0,5.0
128.0,10.0,5.0
128.0,11.0,5.0
128.0,12.0,5.0
128.0,13.0,5.0
128.0,14.0,12.0
128.0,15.0,12.0
128.0,16.0,12.0
128.0,17.0,12.0
128.0,18.0,12.0
129.0,0.0,0.0
129.0,1.0,4.0
129.0,2.0,5.0
129.0,3.0,5.0
129.0,4.0,5.0
129.0,5.0,5.0
129.0,6.0,5.0
129.0,7.0,5.0
129.0,8.0,5.0
129.0,9.0,5.0
129.0,10.0,5.0
129.0,11.0,5.0
129.0,12.0,4.0
129.0,13.0,5.0
129.0,14.0,4.0
129.0,15.0,0.0
129.0,16.0,0.0
129.0,17.0,0.0
129.0,18.0,0.0
130.0,0.0,12.0
130.0,1.0,12.0
130.0,2.0,5.0
130.0,3.0,5.0
130.0,4.0,5.0
130.0,5.0,5.0
130.0,6.0,5.0
130.0,7.0,5.0
130.0,8.0,5.0
130.0,9.0,5.0
130.0,10.0,5.0
130.0,11.0,10.0
130.0,12.0,8.0
130.0,13.0,12.0
130.0,14.0,12.0
130.0,15.0,12.0
130.0,16.0,12.0
130.0,17.0,12.0
130.0,18.0,12.0
131.0,0.0,0.0
131.0,1.0,0.0
131.0,2.0,0.0
131.0,3.0,5.0
131.0,4.0,5.0
131.0,5.0,5.0
131.0,6.0,5.0
131.0,7.0,5.0
131.0,8.0,5.0
131.0,9.0,5.0
131.0,10.0,5.0
131.0,11.0,5.0
131.0,12.0,5.0
131.0,13.0,0.0
131.0,14.0,1.0
131.0,15.0,0.0
131.0,16.0,0.0
131.0,17.0,0.0
131.0,18.0,0.0
132.0,0.0,12.0
132.0,1.0,12.0
132.0,2.0,12.0
132.0,3.0,12.0
132.0,4.0,14.0
132.0,5.0,12.0
132.0,6.0,12.0
132.0,7.0,12.0
132.0,8.0,12.0
132.0,9.0,12.0
132.0,10.0,12.0
132.0,11.0,12.0
132.0,12.0,12.0
132.0,13.0,12.0
132.0,14.0,12.0
132.0,15.0,12.0
132.0,16.0,12.0
132.0,17.0,12.0
132.0,18.0,12.0
133.0,0.0,12.0
133.0,1.0,12.0
133.0,2.0,12.0
133.0,3.0,12.0
133.0,4.0,12.0
133.0,5.0,12.0
133.0,6.0,12.0
133.0,7.0,12.0
133.0,8.0,12.0
133.0,9.0,12.0
133.0,10.0,12.0
133.0,11.0,12.0
133.0,12.0,12.0
133.0,13.0,12.0
133.0,14.0,12.0
133.0,15.0,12.0
133.0,16.0,12.0
133.0,17.0,12.0
133.0,18.0,12.0
134.0,0.0,12.0
134.0,1.0,12.0
134.0,2.0,12.0
134.0,3.0,12.0
134.0,4.0,9.0
134.0,5.0,9.0
134.0,6.0,9.0
134.0,7.0,9.0
134.0,8.0,9.0
134.0,9.0,9.0
134.0,10.0,9.0
134.0,11.0,9.0
134.0,12.0,9.0
134.0,13.0,15.0
134.0,14.0,12.0
134.0,15.0,12.0
134.0,16.0,12.0
134.0,17.0,12.0
134.0,18.0,12.0
135.0,0.0,12.0
135.0,1.0,4.0
135.0,2.0,4.0
135.0,3.0,6.0
135.0,4.0,13.0
135.0,5.0,12.0
135.0,6.0,12.0
135.0,7.0,12.0
135.0,8.0,12.0
135.0,9.0,12.0
135.0,10.0,12.0
135.0,11.0,12.0
135.0,12.0,5.0
135.0,13.0,12.0
135.0,14.0,12.0
135.0,15.0,12.0
135.0,16.0,12.0
135.0,17.0,12.0
135.0,18.0,12.0
136.0,0.0,12.0
136.0,1.0,12.0
136.0,2.0,12.0
136.0,3.0,5.0
136.0,4.0,5.0
136.0,5.0,5.0
136.0,6.0,5.0
136.0,7.0,5.0
136.0,8.0,5.0
136.0,9.0,5.0
136.0,10.0,5.0
136.0,11.0,5.0
136.0,12.0,5.0
136.0,13.0,5.0
136.0,14.0,11.0
136.0,15.0,12.0
136.0,16.0,12.0
136.0,17.0,12.0
136.0,18.0,12.0
137.0,0.0,0.0
137.0,1.0,2.0
137.0,2.0,8.0
137.0,3.0,9.0
137.0,4.0,9.0
137.0,5.0,9.0
137.0,6.0,9.0
137.0,7.0,9.0
137.0,8.0,9.0
137.0,9.0,9.0
137.0,10.0,9.0
137.0,11.0,9.0
137.0,12.0,9.0
137.0,13.0,9.0
137.0,14.0,0.0
137.0,15.0,0.0
137.0,16.0,0.0
137.0,17.0,0.0
137.0,18.0,0.0
138.0,0.0,0.0
138.0,1.0,0.0
138.0,2.0,0.0
138.0,3.0,0.0
138.0,4.0,9.0
138.0,5.0,9.0
138.0,6.0,9.0
138.0,7.0,9.0
138.0,8.0,9.0
138.0,9.0,9.0
138.0,10.0,9.0
138.0,11.0,9.0
138.0,12.0,9.0
138.0,13.0,9.0
138.0,14.0,9.0
138.0,15.0,0.0
138.0,16.0,0.0
138.0,17.0,0.0
138.0,18.0,0.0
139.0,0.0,12.0
139.0,1.0,12.0
139.0,2.0,12.0
139.0,3.0,12.0
139.0,4.0,15.0
139.0,5.0,15.0
139.0,6.0,12.0
139.0,7.0,14.0
139.0,8.0,12.0
139.0,9.0,12.0
139.0,10.0,12.0
139.0,11.0,12.0
139.0,12.0,12.0
139.0,13.0,12.0
139.0,14.0,12.0
139.0,15.0,12.0
139.0,16.0,12.0
139.0,17.0,12.0
139.0,18.0,12.0
140.0,0.0,12.0
140.0,1.0,12.0
140.0,2.0,12.0
140.0,3.0,9.0
140.0,4.0,9.0
140.0,5.0,9.0
140.0,6.0,9.0
140.0,7.0,9.0
140.0,8.0,9.0
140.0,9.0,9.0
140.0,10.0,9.0
140.0,11.0,9.0
140.0,12.0,9.0
140.0,13.0,9.0
140.0,14.0,4.0
140.0,15.0,12.0
140.0,16.0,12.0
140.0,17.0,12.0
140.0,18.0,12.0
141.0,0.0,0.0
141.0,1.0,4.0
141.0,2.0,4.0
141.0,3.0,5.0
141.0,4.0,5.0
141.0,5.0,5.0
141.0,6.0,5.0
141.0,7.0,5.0
141.0,8.0,5.0
141.0,9.0,5.0
141.0,10.0,5.0
141.0,11.0,5.0
141.0,12.0,5.0
141.0,13.0,5.0
141.0,14.0,5.0
141.0,15.0,1.0
141.0,16.0,0.0
141.0,17.0,0.0
141.0,18.0,0.0
142.0,0.0,12.0
142.0,1.0,12.0
142.0,2.0,0.0
142.0,3.0,9.0
142.0,4.0,9.0
142.0,5.0,9.0
142.0,6.0,9.0
142.0,7.0,9.0
142.0,8.0,9.0
142.0,9.0,9.0
142.0,10.0,9.0
142.0,11.0,9.0
142.0,12.0,9.0
142.0,13.0,9.0
142.0,14.0,9.0
142.0,15.0,12.0
142.0,16.0,12.0
142.0,17.0,12.0
142.0,18.0,12.0
143.0,0.0,0.0
143.0,1.0,0.0
143.0,2.0,0.0
143.0,3.0,0.0
143.0,4.0,0.0
143.0,5.0,0.0
143.0,6.0,0.0
143.0,7.0,0.0
143.0,8.0,0.0
143.0,9.0,0.0
143.0,10.0,0.0
143.0,11.0,2.0
143.0,12.0,11.0
143.0,13.0,0.0
143.0,14.0,0.0
143.0,15.0,0.0
143.0,16.0,0.0
143.0,17.0,0.0
143.0,18.0,0.0
144.0,0.0,0.0
144.0,1.0,0.0
144.0,2.0,0.0
144.0,3.0,0.0
144.0,4.0,5.0
144.0,5.0,5.0
144.0,6.0,5.0
144.0,7.0,5.0
144.0,8.0,5.0
144.0,9.0,5.0
144.0,10.0,5.0
144.0,11.0,5.0
144.0,12.0,5.0
144.0,13.0,4.0
144.0,14.0,0.0
144.0,15.0,0.0
144.0,16.0,0.0
144.0,17.0,0.0
144.0,18.0,0.0
145.0,0.0,0.0
145.0,1.0,0.0
145.0,2.0,4.0
145.0,3.0,6.0
145.0,4.0,5.0
145.0,5.0,5.0
145.0,6.0,5.0
145.0,7.0,5.0
145.0,8.0,5.0
145.0,9.0,5.0
145.0,10.0,5.0
145.0,11.0,5.0
145.0,12.0,5.0
145.0,13.0,4.0
145.0,14.0,5.0
145.0,15.0,0.0
145.0,16.0,0.0
145.0,17.0,0.0
145.0,18.0,0.0
146.0,0.0,0.0
146.0,1.0,0.0
146.0,2.0,4.0
146.0,3.0,4.0
146.0,4.0,5.0
146.0,5.0,5.0
146.0,6.0,5.0
146.0,7.0,5.0
146.0,8.0,5.0
146.0,9.0,5.0
146.0,10.0,5.0
146.0,11.0,5.0
146.0,12.0,5.0
146.0,13.0,5.0
146.0,14.0,5.0
146.0,15.0,0.0
146.0,16.0,0.0
146.0,17.0,0.0
146.0,18.0,0.0
147.0,0.0,0.0
147.0,1.0,7.0
147.0,2.0,9.0
147.0,3.0,9.0
147.0,4.0,9.0
147.0,5.0,9.0
147.0,6.0,9.0
147.0,7.0,9.0
147.0,8.0,9.0
147.0,9.0,9.0
147.0,10.0,9.0
147.0,11.0,4.0
147.0,12.0,6.0
147.0,13.0,0.0
147.0,14.0,0.0
147.0,15.0,0.0
147.0,16.0,9.0
147.0,17.0,0.0
147.0,18.0,0.0
148.0,0.0,12.0
148.0,1.0,12.0
148.0,2.0,12.0
148.0,3.0,12.0
148.0,4.0,5.0
148.0,5.0,5.0
148.0,6.0,5.0
148.0,7.0,5.0
148.0,8.0,5.0
148.0,9.0,5.0
148.0,10.0,5.0
148.0,11.0,5.0
148.0,12.0,5.0
148.0,13.0,5.0
148.0,14.0,12.0
148.0,15.0,12.0
148.0,16.0,12.0
148.0,17.0,12.0
148.0,18.0,12.0
149.0,0.0,0.0
149.0,1.0,0.0
149.0,2.0,0.0
149.0,3.0,5.0
149.0,4.0,5.0
149.0,5.0,5.0
149.0,6.0,5.0
149.0,7.0,5.0
149.0,8.0,5.0
149.0,9.0,5.0
149.0,10.0,5.0
149.0,11.0,5.0
149.0,12.0,5.0
149.0,13.0,5.0
149.0,14.0,5.0
149.0,15.0,4.0
149.0,16.0,8.0
149.0,17.0,0.0
149.0,18.0,0.0
150.0,0.0,0.0
150.0,1.0,4.0
150.0,2.0,5.0
150.0,3.0,5.0
150.0,4.0,5.0
150.0,5.0,5.0
150.0,6.0,5.0
150.0,7.0,5.0
150.0,8.0,5.0
150.0,9.0,5.0
150.0,10.0,5.0
150.0,11.0,1.0
150.0,12.0,0.0
150.0,13.0,0.0
150.0,14.0,0.0
150.0,15.0,0.0
150.0,16.0,0.0
150.0,17.0,0.0
150.0,18.0,0.0
151.0,0.0,12.0
151.0,1.0,12.0
151.0,2.0,10.0
151.0,3.0,5.0
151.0,4.0,5.0
151.0,5.0,5.0
151.0,6.0,5.0
151.0,7.0,5.0
151.0,8.0,5.0
151.0,9.0,5.0
151.0,10.0,5.0
151.0,11.0,5.0
151.0,12.0,12.0
151.0,13.0,12.0
151.0,14.0,12.0
151.0,15.0,12.0
151.0,16.0,12.0
151.0,17.0,12.0
151.0,18.0,12.0
152.0,0.0,12.0
152.0,1.0,12.0
152.0,2.0,12.0
152.0,3.0,12.0
152.0,4.0,12.0
152.0,5.0,13.0
152.0,6.0,12.0
152.0,7.0,12.0
152.0,8.0,12.0
152.0,9.0,12.0
152.0,10.0,12.0
152.0,11.0,12.0
152.0,12.0,12.0
152.0,13.0,12.0
152.0,14.0,12.0
152.0,15.0,12.0
152.0,16.0,12.0
152.0,17.0,12.0
152.0,18.0,12.0
153.0,0.0,0.0
153.0,1.0,0.0
153.0,2.0,0.0
153.0,3.0,9.0
153.0,4.0,9.0
153.0,5.0,9.0
153.0,6.0,9.0
153.0,7.0,9.0
153.0,8.0,9.0
153.0,9.0,9.0
153.0,10.0,9.0
153.0,11.0,9.0
153.0,12.0,9.0
153.0,13.0,9.0
153.0,14.0,9.0
153.0,15.0,0.0
153.0,16.0,0.0
153.0,17.0,0.0
153.0,18.0,0.0
154.0,0.0,0.0
154.0,1.0,0.0
154.0,2.0,0.0
154.0,3.0,0.0
154.0,4.0,0.0
154.0,5.0,0.0
154.0,6.0,0.0
154.0,7.0,0.0
154.0,8.0,0.0
154.0,9.0,1.0
154.0,10.0,0.0
154.0,11.0,0.0
154.0,12.0,0.0
154.0,13.0,0.0
154.0,14.0,0.0
154.0,15.0,0.0
154.0,16.0,0.0
154.0,17.0,0.0
154.0,18.0,0.0
155.0,0.0,0.0
155.0,1.0,4.0
155.0,2.0,9.0
155.0,3.0,9.0
155.0,4.0,9.0
155.0,5.0,9.0
155.0,6.0,9.0
155.0,7.0,9.0
155.0,8.0,9.0
155.0,9.0,9.0
155.0,10.0,9.0
155.0,11.0,9.0
155.0,12.0,9.0
155.0,13.0,9.0
155.0,14.0,0.0
155.0,15.0,0.0
155.0,16.0,0.0
155.0,17.0,0.0
155.0,18.0,0.0
156.0,0.0,12.0
156.0,1.0,12.0
156.0,2.0,12.0
156.0,3.0,12.0
156.0,4.0,12.0
156.0,5.0,15.0
156.0,6.0,3.0
156.0,7.0,12.0
156.0,8.0,12.0
156.0,9.0,12.0
156.0,10.0,12.0
156.0,11.0,12.0
156.0,12.0,12.0
156.0,13.0,12.0
156.0,14.0,12.0
156.0,15.0,12.0
156.0,16.0,14.0
156.0,17.0,12.0
156.0,18.0,12.0
157.0,0.0,12.0
157.0,1.0,12.0
157.0,2.0,9.0
157.0,3.0,1.0
157.0,4.0,4.0
157.0,5.0,12.0
157.0,6.0,14.0
157.0,7.0,12.0
157.0,8.0,12.0
157.0,9.0,12.0
157.0,10.0,12.0
157.0,11.0,12.0
157.0,12.0,4.0
157.0,13.0,12.0
157.0,14.0,12.0
157.0,15.0,12.0
157.0,16.0,12.0
157.0,17.0,12.0
157.0,18.0,12.0
158.0,0.0,12.0
158.0,1.0,12.0
158.0,2.0,12.0
158.0,3.0,12.0
158.0,4.0,12.0
158.0,5.0,12.0
158.0,6.0,12.0
158.0,7.0,12.0
158.0,8.0,12.0
158.0,9.0,12.0
158.0,10.0,12.0
158.0,11.0,12.0
158.0,12.0,12.0
158.0,13.0,3.0
158.0,14.0,12.0
158.0,15.0,12.0
158.0,16.0,12.0
158.0,17.0,12.0
158.0,18.0,12.0
159.0,0.0,12.0
159.0,1.0,12.0
159.0,2.0,15.0
159.0,3.0,5.0
159.0,4.0,5.0
159.0,5.0,5.0
159.0,6.0,5.0
159.0,7.0,5.0
159.0,8.0,5.0
159.0,9.0,5.0
159.0,10.0,5.0
159.0,11.0,5.0
159.0,12.0,5.0
159.0,13.0,5.0
159.0,14.0,12.0
159.0,15.0,12.0
159.0,16.0,12.0
159.0,17.0,12.0
159.0,18.0,12.0
160.0,0.0,12.0
160.0,1.0,12.0
160.0,2.0,12.0
160.0,3.0,5.0
160.0,4.0,5.0
160.0,5.0,5.0
160.0,6.0,5.0
160.0,7.0,5.0
160.0,8.0,5.0
160.0,9.0,5.0
160.0,10.0,5.0
160.0,11.0,5.0
160.0,12.0,5.0
160.0,13.0,5.0
160.0,14.0,5.0
160.0,15.0,12.0
160.0,16.0,12.0
160.0,17.0,12.0
160.0,18.0,12.0
161.0,0.0,12.0
161.0,1.0,12.0
161.0,2.0,9.0
161.0,3.0,9.0
161.0,4.0,9.0
161.0,5.0,9.0
161.0,6.0,9.0
161.0,7.0,9.0
161.0,8.0,9.0
161.0,9.0,9.0
161.0,10.0,9.0
161.0,11.0,12.0
161.0,12.0,12.0
161.0,13.0,12.0
161.0,14.0,12.0
161.0,15.0,12.0
161.0,16.0,12.0
161.0,17.0,12.0
161.0,18.0,12.0
162.0,0.0,0.0
162.0,1.0,3.0
162.0,2.0,3.0
162.0,3.0,9.0
162.0,4.0,9.0
162.0,5.0,9.0
162.0,6.0,9.0
162.0,7.0,9.0
162.0,8.0,9.0
162.0,9.0,9.0
162.0,10.0,9.0
162.0,11.0,9.0
162.0,12.0,0.0
162.0,13.0,0.0
162.0,14.0,0.0
162.0,15.0,0.0
162.0,16.0,0.0
162.0,17.0,0.0
162.0,18.0,0.0
163.0,0.0,0.0
163.0,1.0,1.0
163.0,2.0,5.0
163.0,3.0,5.0
163.0,4.0,5.0
163.0,5.0,5.0
163.0,6.0,5.0
163.0,7.0,5.0
163.0,8.0,5.0
163.0,9.0,5.0
163.0,10.0,5.0
163.0,11.0,5.0
163.0,12.0,12.0
163.0,13.0,0.0
163.0,14.0,0.0
163.0,15.0,0.0
163.0,16.0,0.0
163.0,17.0,0.0
163.0,18.0,0.0
164.0,0.0,12.0
164.0,1.0,5.0
164.0,2.0,4.0
164.0,3.0,12.0
164.0,4.0,5.0
164.0,5.0,5.0
164.0,6.0,5.0
164.0,7.0,5.0
164.0,8.0,5.0
164.0,9.0,5.0
164.0,10.0,5.0
164.0,11.0,5.0
164.0,12.0,5.0
164.0,13.0,0.0
164.0,14.0,11.0
164.0,15.0,15.0
164.0,16.0,12.0
164.0,17.0,12.0
164.0,18.0,12.0
165.0,0.0,12.0
165.0,1.0,12.0
165.0,2.0,12.0
165.0,3.0,12.0
165.0,4.0,12.0
165.0,5.0,12.0
165.0,6.0,12.0
165.0,7.0,12.0
165.0,8.0,12.0
165.0,9.0,12.0
165.0,10.0,12.0
165.0,11.0,12.0
165.0,12.0,12.0
165.0,13.0,12.0
165.0,14.0,12.0
165.0,15.0,12.0
165.0,16.0,1.0
165.0,17.0,12.0
165.0,18.0,12.0
166.0,0.0,0.0
166.0,1.0,0.0
166.0,2.0,0.0
166.0,3.0,0.0
166.0,4.0,0.0
166.0,5.0,0.0
166.0,6.0,0.0
166.0,7.0,0.0
166.0,8.0,0.0
166.0,9.0,0.0
166.0,10.0,0.0
166.0,11.0,0.0
166.0,12.0,0.0
166.0,13.0,0.0
166.0,14.0,0.0
166.0,15.0,0.0
166.0,16.0,0.0
166.0,17.0,0.0
166.0,18.0,0.0
167.0,0.0,0.0
167.0,1.0,0.0
167.0,2.0,0.0
167.0,3.0,9.0
167.0,4.0,9.0
167.0,5.0,9.0
167.0,6.0,9.0
167.0,7.0,9.0
167.0,8.0,9.0
167.0,9.0,9.0
167.0,10.0,9.0
167.0,11.0,9.0
167.0,12.0,9.0
167.0,13.0,9.0
167.0,14.0,14.0
167.0,15.0,4.0
167.0,16.0,0.0
167.0,17.0,0.0
167.0,18.0,0.0
168.0,0.0,12.0
168.0,1.0,12.0
168.0,2.0,12.0
168.0,3.0,12.0
168.0,4.0,9.0
168.0,5.0,9.0
168.0,6.0,9.0
168.0,7.0,9.0
168.0,8.0,9.0
168.0,9.0,9.0
168.0,10.0,9.0
168.0,11.0,9.0
168.0,12.0,9.0
168.0,13.0,9.0
168.0,14.0,9.0
168.0,15.0,9.0
168.0,16.0,12.0
168.0,17.0,12.0
168.0,18.0,12.0
169.0,0.0,12.0
169.0,1.0,12.0
169.0,2.0,12.0
169.0,3.0,12.0
169.0,4.0,4.0
169.0,5.0,12.0
169.0,6.0,7.0
169.0,7.0,12.0
169.0,8.0,12.0
169.0,9.0,10.0
169.0,10.0,13.0
169.0,11.0,12.0
169.0,12.0,12.0
169.0,13.0,12.0
169.0,14.0,12.0
169.0,15.0,12.0
169.0,16.0,12.0
169.0,17.0,12.0
169.0,18.0,12.0
170.0,0.0,12.0
170.0,1.0,12.0
170.0,2.0,12.0
170.0,3.0,15.0
170.0,4.0,9.0
170.0,5.0,9.0
170.0,6.0,9.0
170.0,7.0,9.0
170.0,8.0,9.0
170.0,9.0,9.0
170.0,10.0,9.0
170.0,11.0,9.0
170.0,12.0,9.0
170.0,13.0,9.0
170.0,14.0,12.0
170.0,15.0,12.0
170.0,16.0,12.0
170.0,17.0,12.0
170.0,18.0,12.0
171.0,0.0,0.0
171.0,1.0,4.0
171.0,2.0,5.0
171.0,3.0,5.0
171.0,4.0,5.0
171.0,5.0,5.0
171.0,6.0,5.0
171.0,7.0,5.0
171.0,8.0,5.0
171.0,9.0,5.0
171.0,10.0,5.0
171.0,11.0,5.0
171.0,12.0,4.0
171.0,13.0,0.0
171.0,14.0,0.0
171.0,15.0,0.0
171.0,16.0,0.0
171.0,17.0,0.0
171.0,18.0,0.0
172.0,0.0,0.0
172.0,1.0,0.0
172.0,2.0,5.0
172.0,3.0,5.0
172.0,4.0,5.0
172.0,5.0,5.0
172.0,6.0,5.0
172.0,7.0,5.0
172.0,8.0,5.0
172.0,9.0,5.0
172.0,10.0,5.0
172.0,11.0,5.0
172.0,12.0,5.0
172.0,13.0,5.0
172.0,14.0,7.0
172.0,15.0,0.0
172.0,16.0,0.0
172.0,17.0,0.0
172.0,18.0,0.0
173.0,0.0,12.0
173.0,1.0,12.0
173.0,2.0,14.0
173.0,3.0,0.0
173.0,4.0,9.0
173.0,5.0,9.0
173.0,6.0,9.0
173.0,7.0,9.0
173.0,8.0,9.0
173.0,9.0,9.0
173.0,10.0,9.0
173.0,11.0,9.0
173.0,12.0,9.0
173.0,13.0,9.0
173.0,14.0,9.0
173.0,15.0,12.0
173.0,16.0,12.0
173.0,17.0,12.0
173.0,18.0,12.0
174.0,0.0,12.0
174.0,1.0,12.0
174.0,2.0,5.0
174.0,3.0,5.0
174.0,4.0,5.0
174.0,5.0,5.0
174.0,6.0,5.0
174.0,7.0,5.0
174.0,8.0,5.0
174.0,9.0,5.0
174.0,10.0,5.0
174.0,11.0,5.0
174.0,12.0,5.0
174.0,13.0,12.0
174.0,14.0,12.0
174.0,15.0,12.0
174.0,16.0,12.0
174.0,17.0,12.0
174.0,18.0,12.0
175.0,0.0,0.0
175.0,1.0,0.0
175.0,2.0,9.0
175.0,3.0,9.0
175.0,4.0,9.0
175.0,5.0,9.0
175.0,6.0,9.0
175.0,7.0,9.0
175.0,8.0,9.0
175.0,9.0,9.0
175.0,10.0,9.0
175.0,11.0,9.0
175.0,12.0,11.0
175.0,13.0,0.0
175.0,14.0,11.0
175.0,15.0,4.0
175.0,16.0,0.0
175.0,17.0,0.0
175.0,18.0,0.0
176.0,0.0,0.0
176.0,1.0,0.0
176.0,2.0,0.0
176.0,3.0,0.0
176.0,4.0,0.0
176.0,5.0,0.0
176.0,6.0,0.0
176.0,7.0,0.0
176.0,8.0,0.0
176.0,9.0,0.0
176.0,10.0,0.0
176.0,11.0,0.0
176.0,12.0,0.0
176.0,13.0,0.0
176.0,14.0,0.0
176.0,15.0,0.0
176.0,16.0,0.0
176.0,17.0,0.0
176.0,18.0,0.0
177.0,0.0,0.0
177.0,1.0,0.0
177.0,2.0,0.0
177.0,3.0,0.0
177.0,4.0,0.0
177.0,5.0,0.0
177.0,6.0,3.0
177.0,7.0,0.0
177.0,8.0,0.0
177.0,9.0,0.0
177.0,10.0,0.0
177.0,11.0,0.0
177.0,12.0,0.0
177.0,13.0,0.0
177.0,14.0,0.0
177.0,15.0,0.0
177.0,16.0,0.0
177.0,17.0,0.0
177.0,18.0,0.0
178.0,0.0,0.0
178.0,1.0,0.0
178.0,2.0,0.0
178.0,3.0,7.0
178.0,4.0,9.0
178.0,5.0,9.0
178.0,6.0,9.0
178.0,7.0,9.0
178.0,8.0,9.0
178.0,9.0,9.0
178.0,10.0,9.0
178.0,11.0,9.0
178.0,12.0,9.0
178.0,13.0,9.0
178.0,14.0,9.0
178.0,15.0,9.0
178.0,16.0,0.0
178.0,17.0,0.0
178.0,18.0,0.0
179.0,0.0,12.0
179.0,1.0,12.0
179.0,2.0,5.0
179.0,3.0,5.0
179.0,4.0,5.0
179.0,5.0,5.0
179.0,6.0,5.0
179.0,7.0,5.0
179.0,8.0,5.0
179.0,9.0,5.0
179.0,10.0,5.0
179.0,11.0,5.0
179.0,12.0,6.0
179.0,13.0,4.0
179.0,14.0,14.0
179.0,15.0,12.0
179.0,16.0,12.0
179.0,17.0,12.0
179.0,18.0,12.0
180.0,0.0,0.0
180.0,1.0,0.0
180.0,2.0,5.0
180.0,3.0,5.0
180.0,4.0,5.0
180.0,5.0,5.0
180.0,6.0,5.0
180.0,7.0,5.0
180.0,8.0,5.0
180.0,9.0,5.0
180.0,10.0,5.0
180.0,11.0,5.0
180.0,12.0,14.0
180.0,13.0,7.0
180.0,14.0,7.0
180.0,15.0,0.0
180.0,16.0,0.0
180.0,17.0,0.0
180.0,18.0,0.0
181.0,0.0,12.0
181.0,1.0,10.0
181.0,2.0,5.0
181.0,3.0,9.0
181.0,4.0,9.0
181.0,5.0,9.0
181.0,6.0,9.0
181.0,7.0,9.0
181.0,8.0,9.0
181.0,9.0,9.0
181.0,10.0,9.0
181.0,11.0,9.0
181.0,12.0,9.0
181.0,13.0,9.0
181.0,14.0,9.0
181.0,15.0,12.0
181.0,16.0,14.0
181.0,17.0,12.0
181.0,18.0,12.0
182.0,0.0,12.0
182.0,1.0,12.0
182.0,2.0,12.0
182.0,3.0,12.0
182.0,4.0,9.0
182.0,5.0,9.0
182.0,6.0,9.0
182.0,7.0,9.0
182.0,8.0,9.0
182.0,9.0,9.0
182.0,10.0,9.0
182.0,11.0,9.0
182.0,12.0,9.0
182.0,13.0,9.0
182.0,14.0,9.0
182.0,15.0,9.0
182.0,16.0,12.0
182.0,17.0,12.0
182.0,18.0,12.0
183.0,0.0,0.0
183.0,1.0,0.0
183.0,2.0,3.0
183.0,3.0,5.0
183.0,4.0,5.0
183.0,5.0,5.0
183.0,6.0,5.0
183.0,7.0,5.0
183.0,8.0,5.0
183.0,9.0,5.0
183.0,10.0,5.0
183.0,11.0,5.0
183.0,12.0,5.0
183.0,13.0,0.0
183.0,14.0,0.0
183.0,15.0,0.0
183.0,16.0,0.0
183.0,17.0,0.0
183.0,18.0,0.0
184.0,0.0,12.0
184.0,1.0,12.0
184.0,2.0,15.0
184.0,3.0,12.0
184.0,4.0,12.0
184.0,5.0,12.0
184.0,6.0,12.0
184.0,7.0,12.0
184.0,8.0,15.0
184.0,9.0,12.0
184.0,10.0,12.0
184.0,11.0,12.0
184.0,12.0,7.0
184.0,13.0,6.0
184.0,14.0,12.0
184.0,15.0,12.0
184.0,16.0,12.0
184.0,17.0,12.0
184.0,18.0,12.0
185.0,0.0,0.0
185.0,1.0,0.0
185.0,2.0,0.0
185.0,3.0,0.0
185.0,4.0,0.0
185.0,5.0,0.0
185.0,6.0,0.0
185.0,7.0,0.0
185.0,8.0,0.0
185.0,9.0,0.0
185.0,10.0,0.0
185.0,11.0,0.0
185.0,12.0,3.0
185.0,13.0,0.0
185.0,14.0,0.0
185.0,15.0,0.0
185.0,16.0,0.0
185.0,17.0,0.0
185.0,18.0,0.0
186.0,0.0,12.0
186.0,1.0,12.0
186.0,2.0,12.0
186.0,3.0,5.0
186.0,4.0,5.0
186.0,5.0,5.0
186.0,6.0,5.0
186.0,7.0,5.0
186.0,8.0,5.0
186.0,9.0,5.0
186.0,10.0,5.0
186.0,11.0,5.0
186.0,12.0,5.0
186.0,13.0,5.0
186.0,14.0,12.0
186.0,15.0,12.0
186.0,16.0,12.0
186.0,17.0,12.0
186.0,18.0,12.0
187.0,0.0,12.0
187.0,1.0,12.0
187.0,2.0,14.0
187.0,3.0,12.0
187.0,4.0,12.0
187.0,5.0,12.0
187.0,6.0,12.0
187.0,7.0,12.0
187.0,8.0,12.0
187.0,9.0,12.0
187.0,10.0,5.0
187.0,11.0,12.0
187.0,12.0,12.0
187.0,13.0,12.0
187.0,14.0,12.0
187.0,15.0,12.0
187.0,16.0,12.0
187.0,17.0,12.0
187.0,18.0,12.0
188.0,0.0,0.0
188.0,1.0,0.0
188.0,2.0,0.0
188.0,3.0,0.0
188.0,4.0,9.0
188.0,5.0,9.0
188.0,6.0,9.0
188.0,7.0,9.0
188.0,8.0,9.0
188.0,9.0,9.0
188.0,10.0,9.0
188.0,11.0,9.0
188.0,12.0,9.0
188.0,13.0,3.0
188.0,14.0,10.0
188.0,15.0,1.0
188.0,16.0,6.0
188.0,17.0,0.0
188.0,18.0,0.0
189.0,0.0,12.0
189.0,1.0,12.0
189.0,2.0,12.0
189.0,3.0,12.0
189.0,4.0,5.0
189.0,5.0,5.0
189.0,6.0,5.0
189.0,7.0,5.0
189.0,8.0,5.0
189.0,9.0,5.0
189.0,10.0,5.0
189.0,11.0,5.0
189.0,12.0,5.0
189.0,13.0,5.0
189.0,14.0,5.0
189.0,15.0,7.0
189.0,16.0,14.0
189.0,17.0,12.0
189.0,18.0,12.0
190.0,0.0,12.0
190.0,1.0,12.0
190.0,2.0,14.0
190.0,3.0,12.0
190.0,4.0,9.0
190.0,5.0,9.0
190.0,6.0,9.0
190.0,7.0,9.0
190.0,8.0,9.0
190.0,9.0,9.0
190.0,10.0,9.0
190.0,11.0,9.0
190.0,12.0,9.0
190.0,13.0,9.0
190.0,14.0,9.0
190.0,15.0,12.0
190.0,16.0,12.0
190.0,17.0,12.0
190.0,18.0,12.0
191.0,0.0,0.0
191.0,1.0,0.0
191.0,2.0,0.0
191.0,3.0,0.0
191.0,4.0,0.0
191.0,5.0,0.0
191.0,6.0,0.0
191.0,7.0,12.0
191.0,8.0,13.0
191.0,9.0,4.0
191.0,10.0,0.0
191.0,11.0,0.0
191.0,12.0,0.0
191.0,13.0,0.0
191.0,14.0,0.0
191.0,15.0,0.0
191.0,16.0,0.0
191.0,17.0,0.0
191.0,18.0,0.0
192.0,0.0,12.0
192.0,1.0,10.0
192.0,2.0,9.0
192.0,3.0,9.0
192.0,4.0,9.0
192.0,5.0,9.0
192.0,6.0,9.0
192.0,7.0,9.0
192.0,8.0,9.0
192.0,9.0,9.0
192.0,10.0,9.0
192.0,11.0,8.0
192.0,12.0,13.0
192.0,13.0,12.0
192.0,14.0,5.0
192.0,15.0,4.0
192.0,16.0,5.0
192.0,17.0,12.0
192.0,18.0,12.0
193.0,0.0,12.0
193.0,1.0,12.0
193.0,2.0,12.0
193.0,3.0,3.0
193.0,4.0,12.0
193.0,5.0,15.0
193.0,6.0,12.0
193.0,7.0,12.0
193.0,8.0,12.0
193.0,9.0,12.0
193.0,10.0,12.0
193.0,11.0,12.0
193.0,12.0,12.0
193.0,13.0,12.0
193.0,14.0,13.0
193.0,15.0,12.0
193.0,16.0,12.0
193.0,17.0,12.0
193.0,18.0,12.0
194.0,0.0,12.0
194.0,1.0,12.0
194.0,2.0,5.0
194.0,3.0,5.0
194.0,4.0,5.0
194.0,5.0,5.0
194.0,6.0,5.0
194.0,7.0,5.0
194.0,8.0,5.0
194.0,9.0,5.0
194.0,10.0,5.0
194.0,11.0,5.0
194.0,12.0,5.0
194.0,13.0,7.0
194.0,14.0,12.0
194.0,15.0,12.0
194.0,16.0,12.0
194.0,17.0,12.0
194.0,18.0,12.0
195.0,0.0,12.0
195.0,1.0,3.0
195.0,2.0,10.0
195.0,3.0,12.0
195.0,4.0,12.0
195.0,5.0,12.0
195.0,6.0,12.0
195.0,7.0,12.0
195.0,8.0,12.0
195.0,9.0,12.0
195.0,10.0,12.0
195.0,11.0,12.0
195.0,12.0,12.0
195.0,13.0,12.0
195.0,14.0,12.0
195.0,15.0,12.0
195.0,16.0,12.0
195.0,17.0,12.0
195.0,18.0,12.0
196.0,0.0,12.0
196.0,1.0,12.0
196.0,2.0,12.0
196.0,3.0,12.0
196.0,4.0,12.0
196.0,5.0,12.0
196.0,6.0,12.0
196.0,7.0,12.0
196.0,8.0,12.0
196.0,9.0,12.0
196.0,10.0,12.0
196.0,11.0,12.0
196.0,12.0,12.0
196.0,13.0,12.0
196.0,14.0,12.0
196.0,15.0,12.0
196.0,16.0,12.0
196.0,17.0,12.0
196.0,18.0,12.0
197.0,0.0,0.0
197.0,1.0,2.0
197.0,2.0,0.0
197.0,3.0,0.0
197.0,4.0,0.0
197.0,5.0,3.0
197.0,6.0,4.0
197.0,7.0,0.0
197.0,8.0,0.0
197.0,9.0,2.0
197.0,10.0,1.0
197.0,11.0,0.0
197.0,12.0,0.0
197.0,13.0,0.0
197.0,14.0,0.0
197.0,15.0,0.0
197.0,16.0,0.0
197.0,17.0,0.0
197.0,18.0,0.0
198.0,0.0,0.0
198.0,1.0,0.0
198.0,2.0,0.0
198.0,3.0,0.0
198.0,4.0,0.0
198.0,5.0,0.0
198.0,6.0,0.0
198.0,7.0,0.0
198.0,8.0,0.0
198.0,9.0,0.0
198.0,10.0,0.0
198.0,11.0,4.0
198.0,12.0,6.0
198.0,13.0,4.0
198.0,14.0,0.0
198.0,15.0,3.0
198.0,16.0,1.0
198.0,17.0,0.0
198.0,18.0,0.0
199.0,0.0,0.0
199.0,1.0,0.0
199.0,2.0,0.0
199.0,3.0,0.0
199.0,4.0,0.0
199.0,5.0,0.0
199.0,6.0,0.0
199.0,7.0,0.0
199.0,8.0,0.0
199.0,9.0,0.0
199.0,10.0,0.0
199.0,11.0,0.0
199.0,12.0,0.0
199.0,13.0,0.0
199.0,14.0,0.0
199.0,15.0,0.0
199.0,16.0,0.0
199.0,17.0,0.0
199.0,18.0,0.0
