0,1,2,3,4,5,6,7,8,9,10,11,12,13,14,15,16,17,18,19,20,21,22,23,24,25,26,27,28,29,30,31,32,33,34,35,36,37,38,39,40,41,42,43,44,45,46,47,48,49,50,51,52,53,54,55,56,57,58,59,60,61,62,63,64,65,66,67,68,69,70,71,72,73,74,75,76,77,78,79,80,81,82,83,84,85,86,87,88,89,90,91,92,93,94,95,96,97,98,99,100,101,102,103,104,105,106,107,108,109,110,111,112,113,114,115,116,117,118,119,120,121,122,123,124,125,126,127,128,129,130,131,132,133,134,135,136,137,138,139,140,141,142,143,144,145,146,147,148,149,150,151,152
23604,<b>,533935,533935,533935,<e>,<b>,533946,,,<e>,<b>,533945,533935,<e>,<b>,533945,533945,<e>,<b>,533945,533935,533935,<e>,<b>,533945,533935,<e>,<b>,,533951,533943,533943,533943,<e>,<b>,533945,533945,533945,<e>,<b>,533945,533935,<e>,<b>,533945,533935,533935,<e>,<b>,533945,533901,533911,533901,533934,533945,<e>,,,,,,,,,,,,,,,,,,,,,,,,,,,,,,,,,,,,,,,,,,,,,,,,,,,,,,,,,,,,,,,,,,,,,,,,,,,,,,,,,,,,,,,,,,,,,,,,
23606,<b>,533947,533946,533946,533946,533936,<e>,<b>,533947,533946,533946,533946,533945,<e>,<b>,533947,533946,533945,<e>,<b>,533947,533925,<e>,<b>,533947,533945,<e>,<b>,533947,533945,533946,533946,<e>,<b>,533947,533946,533935,<e>,<b>,533947,533946,533946,<e>,<b>,533947,533946,533946,533915,<e>,<b>,533947,533946,533946,533946,<e>,<b>,533947,533935,533935,<e>,<b>,533947,533935,<e>,<b>,533947,533946,<e>,<b>,533947,533946,533946,533946,<e>,<b>,533947,533946,533936,<e>,<b>,533947,533946,<e>,<b>,533947,533946,533936,533946,<e>,,,,,,,,,,,,,,,,,,,,,,,,,,,,,,,,,,,,,,,,,,,,,,,,,,,,,,,,,,,,,,,
23607,<b>,533935,533935,533935,533935,<e>,<b>,533935,533935,533935,533935,533945,<e>,<b>,533935,533935,533935,533935,533935,533935,<e>,<b>,533935,533935,533935,533935,<e>,<b>,533935,533945,533935,<e>,<b>,533935,533935,<e>,<b>,533935,533935,533935,533935,<e>,<b>,533935,533935,533946,533946,533935,<e>,<b>,533935,533946,<e>,<b>,533935,533925,<e>,<b>,533935,533946,<e>,<b>,533935,533935,<e>,<b>,533935,533935,<e>,<b>,533935,533935,<e>,<b>,,,<e>,<b>,533925,533935,<e>,,,,,,,,,,,,,,,,,,,,,,,,,,,,,,,,,,,,,,,,,,,,,,,,,,,,,,,,,,,,,,,,,,,,,,,
23609,<b>,533953,533935,<e>,<b>,533953,533953,<e>,<b>,533953,533935,533953,<e>,<b>,533953,533954,533953,533953,533953,533953,<e>,<b>,533953,533945,533945,533953,533953,<e>,<b>,533953,533953,<e>,<b>,533953,533935,533953,<e>,<b>,533953,533935,533935,533935,<e>,<b>,533953,533946,533945,<e>,<b>,533953,533953,533946,533953,<e>,<b>,533953,533953,<e>,<b>,533953,533935,533915,<e>,<b>,533953,533935,533953,<e>,<b>,533953,533945,533953,<e>,,,,,,,,,,,,,,,,,,,,,,,,,,,,,,,,,,,,,,,,,,,,,,,,,,,,,,,,,,,,,,,,,,,,,,,,,,,,,,,
23610,<b>,534030,533946,<e>,<b>,534030,533936,<e>,<b>,534030,533936,<e>,<b>,534030,534030,<e>,<b>,534030,533946,<e>,<b>,533936,533936,<e>,<b>,534030,533936,<e>,<b>,534030,533915,<e>,<b>,534030,533936,<e>,<b>,534030,533936,<e>,<b>,534030,534030,<e>,<b>,534030,534030,<e>,<b>,534030,533935,<e>,<b>,534030,533925,<e>,<b>,534030,533936,<e>,<b>,534030,533936,<e>,<b>,534030,523974,<e>,<b>,534030,523974,<e>,,,,,,,,,,,,,,,,,,,,,,,,,,,,,,,,,,,,,,,,,,,,,,,,,,,,,,,,,,,,,,,,,,,,,,,,,,,,,,,,
23614,<b>,533945,533936,533944,<e>,<b>,533945,533944,533945,<e>,<b>,533945,533935,533936,533945,533935,<e>,<b>,533945,533945,<e>,<b>,533945,533946,<e>,<b>,533945,533946,533936,533946,533945,<e>,<b>,533945,533944,533945,<e>,<b>,533945,533955,533936,533946,<e>,<b>,533945,533935,533936,533946,533945,<e>,<b>,533945,533935,533946,<e>,<b>,533945,533945,533945,533935,<e>,<b>,533945,533936,533945,<e>,<b>,533945,533935,533944,533935,533935,533945,<e>,<b>,533945,533935,533936,533945,<e>,<b>,533945,533935,533945,<e>,<b>,533945,533935,533936,533946,533946,533946,<e>,<b>,533945,533935,533935,<e>,,,,,,,,,,,,,,,,,,,,,,,,,,,,,,,,,,,,,,,,,,,,,,,,,,,,,,
23615,<b>,533945,533915,<e>,<b>,533945,533915,<e>,<b>,533945,533915,<e>,<b>,533945,533915,533945,533945,<e>,<b>,533945,533945,533945,533945,<e>,<b>,533945,533915,<e>,<b>,533945,533915,<e>,<b>,533945,533915,<e>,<b>,533945,533945,533945,533945,<e>,<b>,533945,533915,<e>,<b>,533945,533945,<e>,<b>,533945,533945,<e>,<b>,533945,533915,<e>,<b>,533945,533915,<e>,<b>,533945,533915,<e>,<b>,533945,533915,<e>,<b>,533945,533915,<e>,<b>,533945,533915,<e>,,,,,,,,,,,,,,,,,,,,,,,,,,,,,,,,,,,,,,,,,,,,,,,,,,,,,,,,,,,,,,,,,,,,,,,,,,
23616,<b>,533935,533945,533945,<e>,<b>,533946,533946,<e>,<b>,533946,533935,533946,<e>,<b>,533946,533946,<e>,<b>,533946,533945,533946,<e>,<b>,533935,533935,533946,<e>,<b>,533946,533945,533946,<e>,<b>,533945,533945,533946,<e>,<b>,533946,533945,533935,533946,<e>,<b>,533945,533945,533946,<e>,,,,,,,,,,,,,,,,,,,,,,,,,,,,,,,,,,,,,,,,,,,,,,,,,,,,,,,,,,,,,,,,,,,,,,,,,,,,,,,,,,,,,,,,,,,,,,,,,,,,,,,
23617,<b>,533925,533935,<e>,<b>,533935,533936,<e>,<b>,533925,533945,<e>,<b>,533925,533925,533925,<e>,<b>,533936,533936,<e>,<b>,533925,533935,533935,<e>,<b>,533925,533925,533925,533935,<e>,<b>,533925,533946,533925,533945,<e>,<b>,533925,533936,533936,<e>,<b>,533925,533936,<e>,<b>,533925,533935,<e>,<b>,533925,533936,533946,<e>,<b>,533925,533925,533925,533925,533935,<e>,,,,,,,,,,,,,,,,,,,,,,,,,,,,,,,,,,,,,,,,,,,,,,,,,,,,,,,,,,,,,,,,,,,,,,,,,,,,,,,,,,,,,,,,,
23622,<b>,533946,533946,533944,<e>,<b>,533945,533945,<e>,<b>,533944,533945,533945,<e>,<b>,533944,533945,<e>,<b>,533944,533933,533945,<e>,<b>,533944,533945,<e>,<b>,533944,533944,<e>,<b>,533944,533945,<e>,<b>,533944,533945,<e>,<b>,533944,533945,<e>,<b>,533944,533945,533935,<e>,<b>,533944,533933,<e>,<b>,533944,533945,<e>,<b>,533944,533935,<e>,<b>,533944,533945,<e>,<b>,533944,533945,<e>,<b>,533945,533945,<e>,<b>,533945,533945,<e>,,,,,,,,,,,,,,,,,,,,,,,,,,,,,,,,,,,,,,,,,,,,,,,,,,,,,,,,,,,,,,,,,,,,,,,,,,,,
23623,<b>,533935,533945,533935,533935,<e>,<b>,533925,533935,533935,533935,533935,533935,533925,533925,<e>,<b>,533925,533945,533935,533925,533925,533925,533946,533935,533935,<e>,<b>,533925,533935,533935,533935,533946,533925,<e>,<b>,533925,533925,<e>,<b>,533925,533925,533925,533915,533915,533935,<e>,<b>,533925,533935,533935,533925,533925,533935,533935,<e>,<b>,533935,533925,533925,533946,533946,<e>,<b>,533935,533925,533925,533935,533945,533935,<e>,<b>,533925,533935,533925,533925,<e>,<b>,533935,533945,533935,533946,533946,<e>,<b>,533925,533945,533936,533935,533925,533925,<e>,<b>,533925,533945,533955,533935,533925,533925,<e>,<b>,533925,533935,533946,533935,533935,533935,<e>,<b>,533925,533945,533935,533935,533935,<e>,<b>,533925,533935,533925,533925,533925,533935,<e>,<b>,533925,533925,<e>,<b>,533925,533935,533925,533925,<e>,,,,,,,,,,,,,,,,,,,
23625,<b>,533935,533925,<e>,<b>,533935,533935,<e>,<b>,533945,533925,<e>,<b>,533935,533944,533935,<e>,<b>,533935,533925,<e>,<b>,533945,533935,<e>,<b>,533935,533925,<e>,<b>,533935,533945,<e>,<b>,533935,533945,533925,<e>,<b>,533935,533925,<e>,<b>,533935,533935,<e>,<b>,533935,533925,<e>,,,,,,,,,,,,,,,,,,,,,,,,,,,,,,,,,,,,,,,,,,,,,,,,,,,,,,,,,,,,,,,,,,,,,,,,,,,,,,,,,,,,,,,,,,,,,,,,,,,,,,
23630,<b>,533934,533944,533934,533934,<e>,<b>,533934,533944,533934,<e>,<b>,533934,533944,<e>,<b>,533934,533934,<e>,<b>,533934,533935,<e>,<b>,533944,533944,533944,533944,<e>,<b>,533934,533944,533944,533944,533934,<e>,<b>,533934,533944,533944,533934,<e>,<b>,533934,533934,<e>,<b>,533934,533944,533934,533935,<e>,<b>,533934,533935,<e>,<b>,533934,533934,<e>,<b>,533934,533944,533934,533934,533934,<e>,<b>,533934,533944,<e>,<b>,533934,533944,<e>,<b>,533934,533944,533944,533944,<e>,<b>,533934,533944,533944,533944,<e>,<b>,533934,533935,<e>,,,,,,,,,,,,,,,,,,,,,,,,,,,,,,,,,,,,,,,,,,,,,,,,,,,,,,,,,,,,,
23636,<b>,533944,533952,533952,533942,<e>,<b>,533945,544001,<e>,<b>,533944,533945,533945,<e>,<b>,533944,533945,533944,<e>,<b>,533944,533934,533944,<e>,<b>,533944,533945,533934,533946,<e>,<b>,533944,533945,533935,534021,533945,<e>,<b>,533944,533935,<e>,<b>,533944,533925,533925,<e>,<b>,533944,533944,<e>,<b>,533944,533945,533945,<e>,<b>,533944,534022,<e>,<b>,533944,533934,533934,533945,<e>,<b>,533944,533935,533935,<e>,,,,,,,,,,,,,,,,,,,,,,,,,,,,,,,,,,,,,,,,,,,,,,,,,,,,,,,,,,,,,,,,,,,,,,,,,,,,,,,,,
23643,<b>,533945,533946,533946,<e>,<b>,533945,533945,<e>,<b>,533945,533945,533945,533945,533945,533945,<e>,<b>,533945,533926,533946,533946,533946,<e>,<b>,533945,533945,533945,533945,533945,<e>,<b>,533945,533945,<e>,<b>,533945,533945,<e>,<b>,533945,533945,533944,533945,533945,<e>,,,,,,,,,,,,,,,,,,,,,,,,,,,,,,,,,,,,,,,,,,,,,,,,,,,,,,,,,,,,,,,,,,,,,,,,,,,,,,,,,,,,,,,,,,,,,,,,,,,,,,,,,,
23644,<b>,533955,533945,533945,533945,533955,533955,<e>,<b>,533955,533945,533945,<e>,<b>,533955,533945,533945,<e>,<b>,533955,533945,533945,<e>,<b>,533955,533946,533946,533946,533935,533945,533955,<e>,<b>,533955,533945,<e>,<b>,533955,533945,<e>,<b>,533955,533945,<e>,<b>,533955,533945,533955,<e>,<b>,533955,533945,<e>,<b>,533955,533945,533945,<e>,<b>,533955,533945,<e>,<b>,533955,533945,533945,533945,<e>,<b>,533955,533945,<e>,<b>,533955,533945,<e>,<b>,533955,533946,533955,<e>,,,,,,,,,,,,,,,,,,,,,,,,,,,,,,,,,,,,,,,,,,,,,,,,,,,,,,,,,,,,,,,,,,,,,,,
23646,<b>,533945,533945,<e>,<b>,533945,533945,<e>,<b>,533945,533945,533945,<e>,<b>,533945,533945,533945,533936,<e>,<b>,533945,533945,533945,533945,533945,533935,533946,533946,<e>,<b>,533945,533945,533945,533945,533945,<e>,<b>,533945,533945,533945,<e>,<b>,533945,533945,533945,533946,<e>,<b>,533945,533945,533945,533935,533945,<e>,<b>,533945,533914,533946,<e>,<b>,533945,533945,533945,533945,<e>,<b>,533945,533945,533945,533945,533945,533935,533935,<e>,<b>,533945,533945,533946,533945,<e>,<b>,533945,533945,533946,533945,<e>,<b>,533945,533935,533945,<e>,<b>,533945,533945,533945,<e>,<b>,533945,533945,<e>,<b>,533945,533945,533945,533945,<e>,,,,,,,,,,,,,,,,,,,,,,,,,,,,,,,,,,,,,,,,,,,,,,
23649,<b>,533944,533944,<e>,<b>,533944,533935,533935,533944,<e>,<b>,533944,533944,<e>,<b>,533944,533944,<e>,<b>,533944,533935,<e>,<b>,533944,533935,<e>,<b>,533944,533935,<e>,<b>,533935,533935,<e>,<b>,533945,533935,533944,<e>,<b>,533944,533944,<e>,<b>,533944,533944,<e>,<b>,533944,533944,<e>,,,,,,,,,,,,,,,,,,,,,,,,,,,,,,,,,,,,,,,,,,,,,,,,,,,,,,,,,,,,,,,,,,,,,,,,,,,,,,,,,,,,,,,,,,,,,,,,,,,,,
23652,<b>,533945,533954,<e>,<b>,533945,533954,<e>,<b>,533945,533935,533954,<e>,<b>,533945,533954,<e>,<b>,533945,533946,533935,<e>,<b>,533945,533954,<e>,<b>,533945,533954,<e>,<b>,533945,533954,<e>,<b>,533945,533954,<e>,<b>,533945,533945,533954,<e>,<b>,533945,533935,533945,533945,<e>,<b>,533945,533954,<e>,<b>,533945,533954,<e>,<b>,533945,533954,<e>,<b>,533945,533954,<e>,<b>,533945,533946,533954,<e>,,,,,,,,,,,,,,,,,,,,,,,,,,,,,,,,,,,,,,,,,,,,,,,,,,,,,,,,,,,,,,,,,,,,,,,,,,,,,,,,,,
23654,<b>,533925,533925,<e>,<b>,533925,533925,533925,533925,<e>,<b>,533925,533925,<e>,<b>,533925,533925,<e>,<b>,533925,533935,533925,<e>,<b>,533925,533946,533946,533925,<e>,<b>,533925,533945,533945,533925,533925,<e>,<b>,533925,533925,533935,533925,<e>,<b>,533925,533937,533925,533925,<e>,,,,,,,,,,,,,,,,,,,,,,,,,,,,,,,,,,,,,,,,,,,,,,,,,,,,,,,,,,,,,,,,,,,,,,,,,,,,,,,,,,,,,,,,,,,,,,,,,,,,,,,,
23656,<b>,533936,533925,<e>,<b>,533925,533935,533925,533925,<e>,<b>,533925,533945,<e>,,,,,,,,,,,,,,,,,,,,,,,,,,,,,,,,,,,,,,,,,,,,,,,,,,,,,,,,,,,,,,,,,,,,,,,,,,,,,,,,,,,,,,,,,,,,,,,,,,,,,,,,,,,,,,,,,,,,,,,,,,,,,,,,,,,,,,,,,,
23657,<b>,533945,533944,533944,533945,533945,<e>,<b>,533934,533934,<e>,<b>,533934,533934,533945,533946,533956,533956,533945,533934,<e>,<b>,533934,533945,533946,533946,533945,533934,<e>,<b>,533934,533946,533946,533945,533934,533934,<e>,<b>,533934,533945,533946,533946,533945,533934,533934,533934,533934,533934,533934,<e>,<b>,533934,533934,<e>,<b>,533934,533945,<e>,<b>,533934,533943,<e>,<b>,533934,533934,<e>,<b>,533934,533946,533934,<e>,<b>,533934,533934,<e>,<b>,533934,533934,<e>,<b>,533934,533945,<e>,,,,,,,,,,,,,,,,,,,,,,,,,,,,,,,,,,,,,,,,,,,,,,,,,,,,,,,,,,,,,,,,,,,,,
23663,<b>,533943,533953,<e>,<b>,533943,533953,<e>,<b>,533943,533943,533944,<e>,<b>,533943,533946,533936,<e>,<b>,533943,533943,<e>,<b>,533943,533953,<e>,<b>,533943,533946,<e>,<b>,533943,533943,<e>,<b>,533943,533953,533944,<e>,<b>,533943,533953,<e>,<b>,533943,533943,<e>,<b>,533943,533943,<e>,<b>,533943,533946,533945,<e>,<b>,533943,533943,<e>,<b>,533943,533953,<e>,<b>,533943,533953,<e>,<b>,533943,533943,<e>,,,,,,,,,,,,,,,,,,,,,,,,,,,,,,,,,,,,,,,,,,,,,,,,,,,,,,,,,,,,,,,,,,,,,,,,,,,,,,,,
23664,<b>,533945,533935,533945,533935,533935,<e>,<b>,533955,533935,533935,<e>,<b>,533945,533935,<e>,<b>,533945,533945,<e>,<b>,533955,533935,533935,<e>,<b>,533955,533935,533946,<e>,<b>,533945,533945,533935,<e>,<b>,533955,533945,533945,533945,533945,<e>,<b>,533955,533935,<e>,<b>,533955,533945,<e>,<b>,533955,533935,<e>,<b>,533955,533935,533935,<e>,<b>,533955,533955,<e>,<b>,533945,533945,<e>,,,,,,,,,,,,,,,,,,,,,,,,,,,,,,,,,,,,,,,,,,,,,,,,,,,,,,,,,,,,,,,,,,,,,,,,,,,,,,,,,,,,,
23666,<b>,533945,533945,533945,533945,533945,533945,<e>,<b>,533945,533946,533946,533946,533946,533946,<e>,<b>,533945,533946,<e>,<b>,533945,533945,533945,533935,533935,<e>,<b>,533945,533945,533945,533945,<e>,<b>,533945,533946,533946,533946,533946,<e>,<b>,533946,533946,533946,533946,<e>,<b>,533945,533945,533945,533935,<e>,<b>,533945,533946,533946,533946,533936,<e>,<b>,533945,533946,533946,533946,533936,<e>,<b>,533945,533945,533945,533945,<e>,<b>,533945,533945,<e>,<b>,533945,533946,533946,533946,533945,<e>,<b>,533945,533946,533946,533946,533936,533946,<e>,<b>,533945,533945,533945,533945,<e>,<b>,533946,533946,533946,533946,<e>,<b>,533945,533946,533946,533946,533946,533946,<e>,<b>,533945,533945,533945,533945,533945,533945,<e>,,,,,,,,,,,,,,,,,,,,,,,,,,,,,,,,,
23667,<b>,<e>,<b>,533945,533945,533936,533946,533945,<e>,<b>,533945,533946,533946,<e>,<b>,533945,533945,533945,<e>,<b>,533945,533936,<e>,<b>,533945,533936,533945,<e>,<b>,533945,533936,<e>,<b>,533945,533945,533945,533946,<e>,<b>,533945,533936,<e>,<b>,,,533945,533944,<e>,<b>,533945,533936,<e>,<b>,533945,533936,533945,533945,<e>,<b>,533945,533936,533936,533946,<e>,<b>,533945,533936,<e>,<b>,533945,533936,533946,<e>,,,,,,,,,,,,,,,,,,,,,,,,,,,,,,,,,,,,,,,,,,,,,,,,,,,,,,,,,,,,,,,,,,,,,,,,,,,,,,,
23669,<b>,533935,533935,533935,<e>,<b>,533935,533935,533935,<e>,<b>,533935,533946,533935,533935,<e>,<b>,533935,533945,<e>,<b>,533935,533935,533935,<e>,<b>,533935,533935,533946,533935,533935,<e>,<b>,533935,533935,533935,<e>,<b>,533935,533935,533946,<e>,<b>,533935,533935,533935,533935,533935,<e>,<b>,533935,533935,<e>,<b>,533935,533935,533935,<e>,<b>,533935,533935,533935,<e>,<b>,533935,533935,<e>,<b>,533935,533935,<e>,,,,,,,,,,,,,,,,,,,,,,,,,,,,,,,,,,,,,,,,,,,,,,,,,,,,,,,,,,,,,,,,,,,,,,,,,,,,,,,,,
23673,<b>,533945,533945,533945,533945,<e>,<b>,533945,533935,<e>,<b>,533945,533945,<e>,<b>,533945,533945,<e>,<b>,533945,533945,<e>,<b>,533945,533935,533945,<e>,<b>,533945,533935,<e>,<b>,533945,533945,533945,<e>,<b>,533945,533935,,<e>,<b>,533945,533935,533945,533945,<e>,<b>,533945,533945,<e>,<b>,533945,533935,533945,<e>,<b>,533945,533935,533945,<e>,,,,,,,,,,,,,,,,,,,,,,,,,,,,,,,,,,,,,,,,,,,,,,,,,,,,,,,,,,,,,,,,,,,,,,,,,,,,,,,,,,,,,,,,,,,
23674,<b>,533943,533946,533943,<e>,<b>,533943,533944,<e>,<b>,533943,533945,533943,<e>,<b>,533943,533944,533935,<e>,<b>,533943,533946,533943,<e>,<b>,533943,533943,<e>,<b>,533946,533946,533943,<e>,<b>,533943,533965,<e>,<b>,533943,533943,533943,<e>,<b>,533943,533946,533943,<e>,<b>,533943,533946,533944,533943,<e>,<b>,533943,533946,533943,<e>,<b>,533943,533946,533946,533943,<e>,<b>,533943,533935,533945,533945,<e>,,,,,,,,,,,,,,,,,,,,,,,,,,,,,,,,,,,,,,,,,,,,,,,,,,,,,,,,,,,,,,,,,,,,,,,,,,,,,,,,,,
23675,<b>,533935,533925,533945,<e>,<b>,533935,533945,<e>,<b>,533935,533925,533945,<e>,<b>,533935,533935,533935,533935,<e>,<b>,533935,533925,533935,533935,533935,533935,<e>,<b>,533935,533935,533935,533935,<e>,<b>,533935,533945,<e>,<b>,533935,533945,533945,533935,533945,<e>,<b>,533935,533946,533935,533935,533935,<e>,<b>,533935,533935,533925,<e>,<b>,533935,533945,533935,533946,<e>,<b>,533935,533935,533935,533935,<e>,<b>,533935,533945,533935,533935,<e>,<b>,533935,533945,<e>,<b>,533935,533935,533935,533955,<e>,<b>,533935,533945,533935,533935,<e>,<b>,533935,533945,<e>,<b>,533935,533935,533935,533935,<e>,,,,,,,,,,,,,,,,,,,,,,,,,,,,,,,,,,,,,,,,,,,,,,,,,,,
23677,<b>,533944,533935,<e>,<b>,533944,533935,<e>,<b>,533944,533935,<e>,<b>,533944,533935,<e>,<b>,533944,533935,<e>,<b>,533944,533935,<e>,<b>,533944,533935,<e>,<b>,533944,533935,<e>,<b>,533944,533935,<e>,<b>,533944,533935,<e>,<b>,533944,533935,<e>,,,,,,,,,,,,,,,,,,,,,,,,,,,,,,,,,,,,,,,,,,,,,,,,,,,,,,,,,,,,,,,,,,,,,,,,,,,,,,,,,,,,,,,,,,,,,,,,,,,,,,,,,,,,
23679,<b>,533946,533945,<e>,<b>,533946,533945,<e>,<b>,533946,533945,533946,<e>,<b>,533946,533935,533946,<e>,<b>,533946,533935,533946,533946,<e>,<b>,533946,533945,533946,<e>,<b>,533946,533945,<e>,<b>,533946,533945,533946,<e>,<b>,533946,533945,534040,533946,<e>,<b>,533946,533945,<e>,<b>,533946,533946,533935,533946,533946,<e>,<b>,533946,533945,533946,533946,533935,<e>,<b>,533946,533945,533935,533946,533946,<e>,<b>,533946,533945,533946,<e>,<b>,533946,533945,533946,<e>,<b>,533946,533945,533946,533946,<e>,<b>,533946,533945,533935,533946,533946,<e>,<b>,533946,533946,533935,533946,<e>,,,,,,,,,,,,,,,,,,,,,,,,,,,,,,,,,,,,,,,,,,,,,,,,,,,,,,
23682,<b>,533945,533945,533945,533935,533935,533935,<e>,<b>,533945,533945,533946,533945,<e>,<b>,533945,533945,533945,533945,<e>,<b>,533945,533945,533945,533945,<e>,<b>,533945,533945,533945,533945,533945,<e>,<b>,533945,533946,533935,533945,533945,<e>,<b>,533945,533945,533945,533945,<e>,<b>,533945,533935,533935,533945,533945,<e>,<b>,533945,533945,533945,533946,533945,533945,<e>,<b>,533945,533926,533945,533935,<e>,<b>,533945,533945,533945,533935,<e>,,,,,,,,,,,,,,,,,,,,,,,,,,,,,,,,,,,,,,,,,,,,,,,,,,,,,,,,,,,,,,,,,,,,,,,,,,,,,,,
23683,<b>,533935,533935,<e>,<b>,533935,533935,<e>,<b>,533935,533935,533945,<e>,<b>,533935,533935,<e>,<b>,533935,533935,<e>,<b>,533935,533946,<e>,<b>,533935,533935,<e>,<b>,533935,533935,533945,<e>,<b>,533935,533935,<e>,,,,,,,,,,,,,,,,,,,,,,,,,,,,,,,,,,,,,,,,,,,,,,,,,,,,,,,,,,,,,,,,,,,,,,,,,,,,,,,,,,,,,,,,,,,,,,,,,,,,,,,,,,,,,,,,,,
23684,<b>,533955,533953,<e>,<b>,,,,,,,<e>,<b>,533955,533963,<e>,<b>,533955,533953,<e>,<b>,,,<e>,<b>,533955,533963,<e>,<b>,533955,533944,533954,<e>,<b>,533955,533955,<e>,<b>,,,<e>,<b>,533955,533953,533953,<e>,<b>,533955,533946,533955,533936,<e>,,,,,,,,,,,,,,,,,,,,,,,,,,,,,,,,,,,,,,,,,,,,,,,,,,,,,,,,,,,,,,,,,,,,,,,,,,,,,,,,,,,,,,,,,,,,,,,,,,,,
23686,<b>,533947,533947,<e>,<b>,533947,533947,<e>,<b>,533947,533947,<e>,<b>,533947,533947,<e>,<b>,533947,533947,<e>,<b>,533947,533947,<e>,<b>,533947,533947,<e>,<b>,533947,533947,<e>,<b>,533947,533946,<e>,<b>,533947,534040,<e>,<b>,533947,533947,<e>,<b>,534040,534040,<e>,<b>,533947,533946,<e>,<b>,533947,534040,<e>,,,,,,,,,,,,,,,,,,,,,,,,,,,,,,,,,,,,,,,,,,,,,,,,,,,,,,,,,,,,,,,,,,,,,,,,,,,,,,,,,,,,,,,,,,,,,,,,
23687,<b>,533935,533946,533946,533946,<e>,<b>,533935,533946,533935,533935,<e>,<b>,533935,533946,533945,<e>,<b>,533935,533946,<e>,<b>,533935,533935,<e>,<b>,533935,533946,533946,533946,533936,<e>,<b>,533935,533946,533946,533946,533935,<e>,<b>,533935,533946,533946,533946,<e>,<b>,533935,533945,<e>,<b>,533935,533946,533946,533946,533946,533946,533946,<e>,<b>,533935,533946,533946,533946,<e>,<b>,533935,533935,<e>,<b>,533935,533946,533946,533946,533935,<e>,<b>,533935,533946,533946,533946,<e>,<b>,533935,533946,533946,533946,533935,<e>,<b>,533935,533946,533946,533946,533946,<e>,,,,,,,,,,,,,,,,,,,,,,,,,,,,,,,,,,,,,,,,,,,,,,,,,,,,,,,,,
23688,<b>,<e>,<b>,533934,533934,533935,533935,<e>,<b>,533934,533944,533934,533935,<e>,<b>,533934,533934,533945,533945,<e>,<b>,533934,533934,533935,<e>,<b>,533934,533934,533935,<e>,<b>,533935,533935,<e>,<b>,533934,533952,533942,533934,533934,533934,<e>,<b>,533934,533934,533935,<e>,<b>,533934,533934,533934,<e>,<b>,533934,533934,533934,533935,533935,533935,<e>,<b>,533934,533934,<e>,<b>,533934,533935,<e>,<b>,533934,533934,533935,<e>,<b>,533934,533935,<e>,<b>,533934,533934,533934,533934,533935,<e>,,,,,,,,,,,,,,,,,,,,,,,,,,,,,,,,,,,,,,,,,,,,,,,,,,,,,,,,,,,,,,,,,,,,
23689,<b>,533936,533943,533943,533943,<e>,<b>,533936,533943,533943,533943,<e>,<b>,533936,533943,533943,533943,533943,<e>,<b>,533936,533946,533936,533936,533936,<e>,<b>,533936,533952,533952,533943,533945,533943,<e>,<b>,533936,533943,533942,533943,533943,<e>,<b>,533936,533945,533945,<e>,<b>,533936,533936,<e>,<b>,533936,533946,<e>,<b>,533936,533943,533943,533943,<e>,<b>,533936,533943,<e>,<b>,533936,533943,533943,533943,<e>,<b>,533936,533935,533935,533936,533936,533936,533936,<e>,,,,,,,,,,,,,,,,,,,,,,,,,,,,,,,,,,,,,,,,,,,,,,,,,,,,,,,,,,,,,,,,,,,,,,,,,
23693,<b>,533945,533914,533945,533945,<e>,<b>,533945,533945,533945,533946,533945,<e>,<b>,533945,533945,533945,<e>,<b>,533945,533935,<e>,,,,,,,,,,,,,,,,,,,,,,,,,,,,,,,,,,,,,,,,,,,,,,,,,,,,,,,,,,,,,,,,,,,,,,,,,,,,,,,,,,,,,,,,,,,,,,,,,,,,,,,,,,,,,,,,,,,,,,,,,,,,,,,,,,
23694,<b>,533946,533943,<e>,<b>,533946,533932,533943,533955,<e>,<b>,533946,533943,533945,<e>,<b>,533946,533946,533946,533945,533946,533955,533946,<e>,<b>,533946,533946,533943,533944,533944,<e>,<b>,533946,533943,533943,<e>,<b>,533946,533943,533945,<e>,<b>,533946,533943,533946,533955,533946,<e>,<b>,533946,533943,533943,<e>,<b>,533946,533943,<e>,<b>,533946,533946,<e>,<b>,533946,533943,533945,<e>,<b>,533946,533943,<e>,<b>,533946,533943,533945,533945,<e>,<b>,533946,533946,533945,533946,533946,533946,533946,533946,<e>,<b>,533946,533943,533943,<e>,<b>,533946,533945,533946,533946,<e>,,,,,,,,,,,,,,,,,,,,,,,,,,,,,,,,,,,,,,,,,,,,,,,,,,,,,,,
23695,<b>,533944,533932,533933,533935,533944,533945,<e>,<b>,533923,533923,533922,533922,533945,<e>,<b>,533945,533946,533935,533945,<e>,<b>,533945,533946,533955,533945,533955,533954,533945,<e>,<b>,533945,533944,533934,533945,533945,533935,<e>,<b>,533945,533946,533944,533935,<e>,<b>,533932,533922,533933,533923,533923,533945,<e>,<b>,533945,533946,<e>,<b>,533935,533935,<e>,<b>,533935,533945,533945,533945,<e>,<b>,533945,533945,<e>,<b>,533945,533944,<e>,,,,,,,,,,,,,,,,,,,,,,,,,,,,,,,,,,,,,,,,,,,,,,,,,,,,,,,,,,,,,,,,,,,,,,,,,,,,,,
23696,<b>,<e>,<b>,<e>,<b>,<e>,<b>,<e>,<b>,<e>,<b>,<e>,<b>,533956,533956,533956,533946,533956,<e>,<b>,533956,533946,533946,533956,<e>,<b>,533956,533956,<e>,<b>,533956,533956,533956,<e>,<b>,533956,533935,<e>,<b>,533956,533946,<e>,<b>,533956,533946,<e>,<b>,533956,533946,<e>,<b>,533956,533946,<e>,<b>,533956,533956,<e>,,,,,,,,,,,,,,,,,,,,,,,,,,,,,,,,,,,,,,,,,,,,,,,,,,,,,,,,,,,,,,,,,,,,,,,,,,,,,,,,,,,,,,,,,,,,,,
23701,<b>,533925,533915,<e>,<b>,533925,533915,<e>,<b>,533925,533915,<e>,<b>,533925,533914,533965,<e>,<b>,533925,533935,<e>,<b>,533925,533925,533946,<e>,<b>,533925,533915,<e>,<b>,533925,533915,<e>,<b>,533925,533925,<e>,<b>,533925,533915,533915,533946,<e>,<b>,533925,533945,<e>,<b>,533925,533945,<e>,<b>,533925,533915,<e>,<b>,533925,533915,<e>,<b>,533925,533915,<e>,<b>,533925,533915,<e>,<b>,533925,533915,<e>,<b>,533925,533914,<e>,,,,,,,,,,,,,,,,,,,,,,,,,,,,,,,,,,,,,,,,,,,,,,,,,,,,,,,,,,,,,,,,,,,,,,,,,,,,
23702,<b>,533944,533945,<e>,<b>,533945,533946,<e>,<b>,533944,533946,<e>,<b>,533944,533945,<e>,<b>,533944,533946,<e>,<b>,533944,544043,<e>,<b>,533944,533944,533945,<e>,<b>,544044,544044,<e>,<b>,533944,533946,<e>,<b>,533944,533946,<e>,<b>,533944,533944,533944,533944,<e>,,,,,,,,,,,,,,,,,,,,,,,,,,,,,,,,,,,,,,,,,,,,,,,,,,,,,,,,,,,,,,,,,,,,,,,,,,,,,,,,,,,,,,,,,,,,,,,,,,,,,,,,,
23703,<b>,533944,533935,<e>,<b>,533944,533935,533945,533944,533944,533946,533944,<e>,<b>,533944,534030,<e>,<b>,533944,534030,<e>,<b>,533944,533935,533945,<e>,<b>,533944,533935,533944,<e>,<b>,533944,533935,533944,<e>,<b>,533944,533935,<e>,<b>,533944,533944,<e>,<b>,533944,533944,<e>,<b>,533944,533935,533944,533944,<e>,<b>,533944,533946,533946,<e>,<b>,533944,533935,533945,<e>,<b>,533944,533935,533944,<e>,<b>,533944,533935,<e>,<b>,533944,533935,533943,<e>,<b>,533944,533935,533944,<e>,,,,,,,,,,,,,,,,,,,,,,,,,,,,,,,,,,,,,,,,,,,,,,,,,,,,,,,,,,,,,,,,,,,,,
23704,<b>,533945,533945,<e>,<b>,533945,533915,<e>,<b>,533945,533955,<e>,<b>,533955,533955,533945,533955,<e>,,,,,,,,,,,,,,,,,,,,,,,,,,,,,,,,,,,,,,,,,,,,,,,,,,,,,,,,,,,,,,,,,,,,,,,,,,,,,,,,,,,,,,,,,,,,,,,,,,,,,,,,,,,,,,,,,,,,,,,,,,,,,,,,,,,,,,
23706,<b>,533946,533945,<e>,<b>,533935,533935,<e>,<b>,533935,533945,533914,<e>,<b>,533935,533946,533945,<e>,<b>,533935,533945,<e>,<b>,533935,533935,<e>,,,,,,,,,,,,,,,,,,,,,,,,,,,,,,,,,,,,,,,,,,,,,,,,,,,,,,,,,,,,,,,,,,,,,,,,,,,,,,,,,,,,,,,,,,,,,,,,,,,,,,,,,,,,,,,,,,,,,,,,,,,,,,
23708,<b>,533955,533945,<e>,<b>,533954,533935,<e>,<b>,533954,533935,<e>,<b>,533954,533955,<e>,<b>,533954,533945,<e>,<b>,533955,533935,<e>,<b>,<e>,<b>,533954,533935,<e>,<b>,533954,533954,533954,533946,<e>,<b>,533954,533945,<e>,<b>,533954,533935,<e>,<b>,533954,533945,<e>,<b>,533954,533935,<e>,<b>,533954,533935,<e>,,,,,,,,,,,,,,,,,,,,,,,,,,,,,,,,,,,,,,,,,,,,,,,,,,,,,,,,,,,,,,,,,,,,,,,,,,,,,,,,,,,,,,,,,,,,,,,,
23711,<b>,533955,533935,<e>,<b>,533955,533955,533955,<e>,<b>,533955,533935,<e>,<b>,533955,533935,533955,<e>,<b>,533955,533945,<e>,<b>,533955,533955,533955,<e>,<b>,533955,533945,<e>,<b>,533955,533955,<e>,<b>,533955,533945,<e>,<b>,533955,533935,<e>,<b>,533955,533966,533945,533945,<e>,<b>,533955,533945,533945,<e>,<b>,533955,533945,<e>,<b>,533955,533945,<e>,<b>,533955,533935,<e>,<b>,533955,533955,533955,533955,533955,<e>,,,,,,,,,,,,,,,,,,,,,,,,,,,,,,,,,,,,,,,,,,,,,,,,,,,,,,,,,,,,,,,,,,,,,,,,,,,,,,,
23716,<b>,533954,533945,533944,<e>,<b>,533954,533945,533944,533954,533954,<e>,<b>,533954,533945,533944,<e>,<b>,533954,533946,<e>,<b>,533954,533954,<e>,<b>,533954,533944,533944,533944,533954,533935,<e>,<b>,533954,533946,533944,533944,<e>,<b>,533954,533946,<e>,<b>,533954,533944,533944,<e>,<b>,533954,533945,533954,533954,<e>,<b>,533954,533945,533945,533945,<e>,<b>,533954,533945,533935,<e>,<b>,533954,533935,533946,533946,533946,<e>,<b>,533954,533954,533954,533945,533944,533954,533954,<e>,,,,,,,,,,,,,,,,,,,,,,,,,,,,,,,,,,,,,,,,,,,,,,,,,,,,,,,,,,,,,,,,,,,,,,,
23718,<b>,533935,533945,<e>,<b>,533935,533945,<e>,<b>,533935,533945,533935,<e>,<b>,533935,533935,<e>,<b>,533935,533945,533935,<e>,<b>,533935,533945,<e>,<b>,533935,533945,533935,533935,<e>,<b>,533935,533965,<e>,<b>,533935,533965,533935,<e>,<b>,533935,533965,533935,<e>,<b>,533935,533945,533935,533935,533935,<e>,<b>,533935,533965,533935,<e>,,,,,,,,,,,,,,,,,,,,,,,,,,,,,,,,,,,,,,,,,,,,,,,,,,,,,,,,,,,,,,,,,,,,,,,,,,,,,,,,,,,,,,,,,,,,,,
23720,<b>,533935,533935,<e>,<b>,533935,533935,<e>,<b>,533935,533945,533935,533935,<e>,<b>,533935,533935,533935,533935,<e>,<b>,533935,533935,<e>,<b>,533935,533945,<e>,<b>,533935,533945,533935,533935,<e>,<b>,,,<e>,<b>,533935,533935,<e>,<b>,533935,533935,<e>,<b>,533935,533935,533935,533935,<e>,<b>,533935,533935,533935,533935,<e>,<b>,533935,533935,<e>,<b>,533935,533935,<e>,,,,,,,,,,,,,,,,,,,,,,,,,,,,,,,,,,,,,,,,,,,,,,,,,,,,,,,,,,,,,,,,,,,,,,,,,,,,,,,,,,,,,,
23721,<b>,533915,533936,<e>,<b>,533915,533945,<e>,<b>,533915,533914,533935,533935,<e>,<b>,533915,533915,533915,533915,<e>,<b>,533915,533945,<e>,<b>,533915,533945,533935,533935,<e>,<b>,533915,533945,<e>,<b>,533915,533945,533935,<e>,<b>,533915,533915,533915,533915,<e>,<b>,533915,533945,533925,<e>,<b>,533915,533945,533914,<e>,<b>,533915,533945,<e>,<b>,533915,533945,533915,<e>,<b>,533915,533945,533915,533915,<e>,<b>,533915,533915,<e>,,,,,,,,,,,,,,,,,,,,,,,,,,,,,,,,,,,,,,,,,,,,,,,,,,,,,,,,,,,,,,,,,,,,,,,,,,,,,,
23724,<b>,533946,533946,<e>,<b>,533945,533956,533946,<e>,<b>,533946,534021,<e>,<b>,533946,533946,533946,<e>,<b>,533946,533946,533946,533935,533945,533946,533946,<e>,<b>,533946,533946,<e>,<b>,533946,533945,<e>,,,,,,,,,,,,,,,,,,,,,,,,,,,,,,,,,,,,,,,,,,,,,,,,,,,,,,,,,,,,,,,,,,,,,,,,,,,,,,,,,,,,,,,,,,,,,,,,,,,,,,,,,,,,,,,,,,,,,
23726,<b>,533935,533935,<e>,<b>,533935,533935,<e>,<b>,533935,533935,<e>,<b>,533945,533945,533956,533935,533935,<e>,<b>,533935,533964,<e>,<b>,533935,533935,<e>,<b>,533935,533946,<e>,<b>,533935,533946,<e>,<b>,533936,533917,533935,533935,<e>,<b>,533935,533946,<e>,<b>,533935,533935,533935,533935,<e>,<b>,533935,533935,<e>,<b>,533935,533935,533946,<e>,<b>,533935,533946,533935,533935,<e>,<b>,533935,533946,<e>,<b>,533935,533935,533946,<e>,,,,,,,,,,,,,,,,,,,,,,,,,,,,,,,,,,,,,,,,,,,,,,,,,,,,,,,,,,,,,,,,,,,,,,,,,,,,,
23727,<b>,533945,533935,533946,<e>,<b>,533935,533935,<e>,<b>,533945,533935,533945,<e>,<b>,533945,533945,<e>,<b>,533945,533945,<e>,<b>,533935,533935,<e>,<b>,533945,533935,533945,<e>,<b>,533945,533955,<e>,<b>,533945,533935,<e>,<b>,533945,533935,533946,<e>,<b>,533945,533935,<e>,<b>,533945,533935,<e>,<b>,533945,533945,<e>,<b>,533945,533935,<e>,,,,,,,,,,,,,,,,,,,,,,,,,,,,,,,,,,,,,,,,,,,,,,,,,,,,,,,,,,,,,,,,,,,,,,,,,,,,,,,,,,,,,,,,,,,,
23728,<b>,533925,533925,<e>,<b>,533925,533946,533946,<e>,<b>,533925,533946,533935,<e>,<b>,533925,533946,533946,<e>,<b>,533925,533926,533943,533943,533943,<e>,<b>,533943,533926,533925,<e>,<b>,533925,533926,533925,533925,<e>,<b>,533925,533945,533945,533926,<e>,<b>,533925,533946,533945,533925,<e>,<b>,533925,533926,<e>,<b>,533925,533925,533925,<e>,<b>,533925,533925,<e>,<b>,533925,533926,<e>,,,,,,,,,,,,,,,,,,,,,,,,,,,,,,,,,,,,,,,,,,,,,,,,,,,,,,,,,,,,,,,,,,,,,,,,,,,,,,,,,,,,,,
23730,<b>,533945,533945,<e>,<b>,533935,533935,533945,<e>,<b>,533945,533945,533945,533945,<e>,<b>,533945,533945,533945,533945,533945,<e>,<b>,533945,533945,533945,533945,<e>,<b>,533945,533945,533945,<e>,<b>,533945,533945,533945,533945,<e>,<b>,533945,533945,533945,533946,<e>,<b>,533945,533945,533945,533935,533935,<e>,<b>,533945,533945,533945,533945,<e>,<b>,533945,533945,533945,533945,533945,<e>,<b>,533945,533945,533945,533945,<e>,<b>,533945,533945,533945,533945,533945,<e>,<b>,533945,533945,533945,533945,<e>,<b>,533945,533945,533945,533946,<e>,,,,,,,,,,,,,,,,,,,,,,,,,,,,,,,,,,,,,,,,,,,,,,,,,,,,,,,,,,,,,,
23733,<b>,533934,533934,<e>,<b>,533934,533934,<e>,<b>,533934,533946,533946,533935,533935,533935,<e>,<b>,533934,533935,533946,<e>,<b>,533934,533935,533935,<e>,<b>,533934,533945,<e>,<b>,533934,533935,533946,533945,<e>,<b>,533934,533946,533935,<e>,,,,,,,,,,,,,,,,,,,,,,,,,,,,,,,,,,,,,,,,,,,,,,,,,,,,,,,,,,,,,,,,,,,,,,,,,,,,,,,,,,,,,,,,,,,,,,,,,,,,,,,,,,,,,,,
23737,<b>,533936,533936,<e>,<b>,533936,533946,533937,533937,<e>,<b>,533936,533936,<e>,<b>,533946,533936,<e>,<b>,533936,533936,<e>,<b>,533936,533936,<e>,<b>,533936,533936,<e>,<b>,533936,533936,<e>,<b>,533937,533936,<e>,,,,,,,,,,,,,,,,,,,,,,,,,,,,,,,,,,,,,,,,,,,,,,,,,,,,,,,,,,,,,,,,,,,,,,,,,,,,,,,,,,,,,,,,,,,,,,,,,,,,,,,,,,,,,,,,,,
23738,<b>,533945,533946,533946,533945,533945,<e>,<b>,533945,533945,533945,533946,533945,<e>,<b>,533945,533935,533945,533945,<e>,<b>,533945,533946,533946,<e>,<b>,533945,533935,533945,533945,<e>,<b>,533945,533945,533945,<e>,<b>,533945,533935,533945,533946,533945,<e>,<b>,533945,533945,533945,533946,533945,<e>,<b>,533945,533945,533945,533946,533945,<e>,<b>,533945,533946,533945,<e>,<b>,533945,533946,533945,533945,<e>,<b>,533945,533936,533935,533935,533945,533945,<e>,<b>,533945,533945,533945,533945,533945,<e>,<b>,533945,533936,533945,533945,533946,533945,<e>,<b>,533945,533945,533945,<e>,<b>,533945,533945,533945,533945,533945,533945,533945,533945,<e>,<b>,533945,533935,533945,533945,<e>,<b>,533945,533945,533945,533946,533946,<e>,,,,,,,,,,,,,,,,,,,,,,,,,,,,,,,,,
23740,<b>,533935,533935,<e>,<b>,533945,533935,<e>,<b>,533945,533935,<e>,<b>,533945,533945,533936,<e>,<b>,533945,533943,<e>,<b>,533945,533935,<e>,<b>,533945,533935,<e>,<b>,533945,533925,<e>,<b>,533945,533955,<e>,<b>,533945,533943,<e>,<b>,533945,533935,<e>,<b>,533945,533935,<e>,<b>,533945,533935,<e>,<b>,533945,533935,<e>,<b>,533945,533935,<e>,,,,,,,,,,,,,,,,,,,,,,,,,,,,,,,,,,,,,,,,,,,,,,,,,,,,,,,,,,,,,,,,,,,,,,,,,,,,,,,,,,,,,,,,,,,
23741,<b>,533943,533936,533936,533935,<e>,<b>,533943,533936,<e>,<b>,533943,533936,<e>,<b>,533943,533935,<e>,<b>,533943,533946,533946,<e>,<b>,533943,533936,533943,<e>,<b>,533943,533936,533943,<e>,<b>,533943,533936,<e>,<b>,533943,533943,<e>,<b>,533943,533943,<e>,<b>,533943,533936,533946,<e>,<b>,533943,533936,<e>,<b>,533943,533936,533945,533946,<e>,<b>,533943,533936,<e>,<b>,533943,533936,<e>,,,,,,,,,,,,,,,,,,,,,,,,,,,,,,,,,,,,,,,,,,,,,,,,,,,,,,,,,,,,,,,,,,,,,,,,,,,,,,,,,,,,
23746,<b>,533944,533945,533944,<e>,<b>,533945,533945,533944,533944,<e>,<b>,533944,533935,533945,533944,533944,533944,533944,<e>,<b>,533944,533945,533944,533944,<e>,<b>,533944,533945,533944,<e>,<b>,533944,533944,533944,533944,<e>,<b>,533944,533945,533944,<e>,<b>,533944,533945,533944,<e>,<b>,533944,533935,533945,533945,533944,<e>,<b>,533944,533944,533945,533944,533944,<e>,<b>,533944,533945,533944,533944,<e>,<b>,533944,533945,533944,533944,<e>,<b>,533944,533945,533944,533944,<e>,<b>,533944,533945,533935,533944,<e>,<b>,533944,533945,533944,533944,<e>,<b>,533944,533944,533944,533944,533943,533944,533944,<e>,<b>,533944,533945,533944,533944,<e>,<b>,533944,533933,533944,533944,533944,533944,<e>,,,,,,,,,,,,,,,,,,,,,,,,,,,,,,,,,,,,,,
23749,<b>,543905,533965,533945,533945,<e>,<b>,543905,543905,543905,543905,<e>,<b>,543905,533946,533946,<e>,<b>,543905,533975,<e>,<b>,543905,533935,533975,<e>,<b>,543905,543905,543905,543905,543905,533965,533975,<e>,<b>,543905,543905,<e>,<b>,543905,533946,<e>,<b>,543905,533945,<e>,<b>,543905,533965,533945,<e>,<b>,543905,533955,<e>,<b>,543905,533945,533945,<e>,<b>,543905,533965,<e>,,,,,,,,,,,,,,,,,,,,,,,,,,,,,,,,,,,,,,,,,,,,,,,,,,,,,,,,,,,,,,,,,,,,,,,,,,,,,,,,,,,,,,,
23754,<b>,533964,533955,<e>,<b>,533955,533964,<e>,,,,,,,,,,,,,,,,,,,,,,,,,,,,,,,,,,,,,,,,,,,,,,,,,,,,,,,,,,,,,,,,,,,,,,,,,,,,,,,,,,,,,,,,,,,,,,,,,,,,,,,,,,,,,,,,,,,,,,,,,,,,,,,,,,,,,,,,,,,,,,,,
23760,<b>,533945,533935,533935,533935,533945,533935,533945,<e>,<b>,533945,533935,533935,533925,533935,533945,<e>,<b>,533945,533935,533925,533935,533945,<e>,<b>,533945,533935,533946,533945,533946,533945,<e>,<b>,533945,533935,533945,533945,<e>,<b>,533945,533935,533935,533935,533963,533945,<e>,<b>,533945,533945,533945,533935,533935,533935,533945,<e>,<b>,533945,533935,533935,533945,<e>,<b>,533945,533935,533945,533945,<e>,<b>,533945,533935,533945,533935,533945,<e>,<b>,533945,533935,533945,533935,533945,533935,533945,<e>,<b>,533945,533935,533945,533945,<e>,<b>,533945,533935,533945,<e>,<b>,533945,533935,533935,533935,533935,533945,<e>,<b>,533945,533935,533935,533935,533945,<e>,<b>,533945,533935,533945,<e>,<b>,533945,533935,533945,533944,<e>,<b>,533945,533935,533945,533945,<e>,,,,,,,,,,,,,,,,,,,,,,,,,,
23762,<b>,533935,533946,533935,533935,<e>,<b>,533935,533935,533935,<e>,<b>,533935,533935,<e>,<b>,533935,533935,533935,<e>,<b>,533935,533946,533946,<e>,<b>,533935,533935,533945,533935,533935,<e>,<b>,533925,533935,533935,533935,533935,<e>,<b>,533935,533935,533945,<e>,<b>,533935,533935,533935,533935,<e>,<b>,,,533935,<e>,<b>,533935,533945,533946,533935,<e>,<b>,533935,533935,<e>,<b>,533935,533935,<e>,,,,,,,,,,,,,,,,,,,,,,,,,,,,,,,,,,,,,,,,,,,,,,,,,,,,,,,,,,,,,,,,,,,,,,,,,,,,,,,,,,,
23763,<b>,533933,533935,533935,<e>,<b>,533933,533946,<e>,<b>,533933,533946,533946,533946,533946,<e>,<b>,533933,533933,533935,<e>,<b>,533933,533946,<e>,<b>,533933,533946,533946,533946,<e>,<b>,533933,533935,<e>,<b>,533933,533946,<e>,<b>,533933,533946,533946,533933,533933,<e>,<b>,533933,533946,<e>,<b>,533933,533933,533935,<e>,<b>,533933,533946,<e>,<b>,533933,533946,533933,<e>,<b>,533933,533946,533933,533933,<e>,,,,,,,,,,,,,,,,,,,,,,,,,,,,,,,,,,,,,,,,,,,,,,,,,,,,,,,,,,,,,,,,,,,,,,,,,,,,,,,,,,
23766,<b>,533945,533945,533955,<e>,<b>,533955,533955,<e>,<b>,533955,533936,<e>,<b>,533955,533945,<e>,<b>,533955,533945,533955,533955,533955,<e>,<b>,533955,533955,<e>,<b>,533955,533915,533914,<e>,<b>,533955,533945,533945,533945,<e>,<b>,533945,533935,533935,<e>,<b>,533955,533955,<e>,<b>,533955,533955,<e>,<b>,533955,533955,<e>,<b>,533955,533935,533935,533935,533935,533945,533945,533936,533955,<e>,<b>,533955,533935,533935,533935,533935,533935,<e>,<b>,533955,533946,533935,533935,<e>,,,,,,,,,,,,,,,,,,,,,,,,,,,,,,,,,,,,,,,,,,,,,,,,,,,,,,,,,,,,,,,,,,,,,,,
23767,<b>,533935,533935,533935,<e>,<b>,533935,533935,533935,<e>,<b>,533935,533932,533932,533943,<e>,<b>,533935,533935,533935,<e>,<b>,533935,533935,<e>,<b>,533935,533935,<e>,<b>,533935,533936,533936,<e>,<b>,533935,533935,<e>,<b>,533935,533935,533935,533935,533935,533935,<e>,<b>,533935,533935,<e>,,,,,,,,,,,,,,,,,,,,,,,,,,,,,,,,,,,,,,,,,,,,,,,,,,,,,,,,,,,,,,,,,,,,,,,,,,,,,,,,,,,,,,,,,,,,,,,,,,,,,,
23770,<b>,533946,533946,<e>,<b>,533955,533955,<e>,<b>,533955,533955,533955,<e>,<b>,533955,533945,533946,533945,<e>,<b>,533955,533955,533955,<e>,<b>,533955,533946,533946,533955,<e>,<b>,533955,533945,<e>,<b>,533955,533935,533955,533955,<e>,<b>,533955,533945,<e>,<b>,533955,533946,<e>,<b>,533955,533946,533955,<e>,<b>,533955,533946,<e>,,,,,,,,,,,,,,,,,,,,,,,,,,,,,,,,,,,,,,,,,,,,,,,,,,,,,,,,,,,,,,,,,,,,,,,,,,,,,,,,,,,,,,,,,,,,,,,
23772,<b>,533935,533935,<e>,<b>,533935,533936,533946,533945,533935,<e>,<b>,533935,533946,<e>,<b>,533935,533935,533935,<e>,<b>,533935,533935,<e>,<b>,533935,533935,<e>,<b>,533935,533935,533935,533935,533946,533946,<e>,<b>,533935,533946,<e>,<b>,533935,533945,533945,<e>,<b>,533935,533935,533935,533935,<e>,<b>,533935,533935,533935,<e>,<b>,533935,533935,533946,533946,<e>,<b>,533935,533935,533935,<e>,,,,,,,,,,,,,,,,,,,,,,,,,,,,,,,,,,,,,,,,,,,,,,,,,,,,,,,,,,,,,,,,,,,,,,,,,,,,,,,,,,,,,
23779,<b>,533945,533945,533935,533944,533944,533945,<e>,<b>,533945,533945,533945,533945,533945,533945,533946,<e>,<b>,533945,533945,533945,533946,533945,533935,533935,<e>,<b>,533945,533936,533945,533945,533945,533945,<e>,<b>,533945,533935,533945,533935,<e>,<b>,533945,533945,533945,533945,<e>,<b>,533945,533945,533935,533946,533935,533935,<e>,<b>,533945,533946,533946,533946,533945,533945,<e>,<b>,533945,533945,<e>,<b>,533945,533945,533945,533946,533946,533945,533946,533946,<e>,<b>,533945,533945,533935,<e>,<b>,533945,533945,533935,533945,533945,<e>,<b>,533945,533945,533946,533945,533945,533945,533935,<e>,<b>,533945,533945,533945,533935,<e>,<b>,533945,533945,533945,533935,<e>,<b>,533945,533945,533945,533945,533945,533944,533944,533945,<e>,,,,,,,,,,,,,,,,,,,,,,,,,,,,,,,,,
23783,<b>,533945,533945,<e>,<b>,533945,533945,533945,533945,<e>,<b>,533945,533945,533936,<e>,<b>,533945,533945,533945,533945,533945,533935,<e>,<b>,533945,533945,<e>,<b>,533945,533936,<e>,<b>,533945,533945,<e>,<b>,533945,533936,533946,<e>,<b>,533945,533945,<e>,<b>,533945,533946,533946,533925,533925,<e>,<b>,533945,533946,<e>,<b>,533945,533935,<e>,<b>,533945,533945,533945,533936,<e>,<b>,533945,533945,<e>,<b>,533945,533936,<e>,<b>,533945,533936,<e>,<b>,533945,533945,533945,<e>,<b>,533945,533935,<e>,,,,,,,,,,,,,,,,,,,,,,,,,,,,,,,,,,,,,,,,,,,,,,,,,,,,,,,,,,,,,,,,,,
23787,<b>,533946,533946,<e>,<b>,533946,533946,<e>,<b>,533946,533945,533946,<e>,<b>,533946,533935,533945,533932,533976,533947,533947,<e>,<b>,533946,533937,533937,533937,533946,<e>,<b>,533964,533964,<e>,<b>,533946,533945,533955,533955,<e>,<b>,533946,533935,533945,533945,<e>,<b>,533946,533946,<e>,<b>,533946,533946,<e>,<b>,533946,533946,<e>,<b>,533946,533946,533946,533946,<e>,,,,,,,,,,,,,,,,,,,,,,,,,,,,,,,,,,,,,,,,,,,,,,,,,,,,,,,,,,,,,,,,,,,,,,,,,,,,,,,,,,,,,,,,,
23788,<b>,533945,533935,<e>,<b>,533945,533935,533935,533935,<e>,<b>,533945,533935,<e>,<b>,533945,533935,<e>,<b>,533945,533935,<e>,<b>,533945,533935,<e>,<b>,533945,533935,533935,<e>,<b>,533945,533945,<e>,<b>,533945,533935,<e>,<b>,533945,533935,<e>,<b>,533945,533935,<e>,<b>,533945,533935,<e>,<b>,533945,533935,<e>,,,,,,,,,,,,,,,,,,,,,,,,,,,,,,,,,,,,,,,,,,,,,,,,,,,,,,,,,,,,,,,,,,,,,,,,,,,,,,,,,,,,,,,,,,,,,,,,,
23791,<b>,533955,533955,533945,533945,<e>,<b>,533955,533945,<e>,<b>,533945,533946,533945,<e>,<b>,533945,533935,533945,<e>,<b>,533945,533955,533945,<e>,<b>,533955,533945,533945,533945,<e>,<b>,533945,533945,533935,533945,<e>,<b>,533945,533945,<e>,<b>,533955,533945,533945,<e>,<b>,533955,533945,<e>,<b>,533955,533945,533945,<e>,<b>,533955,533945,<e>,,,,,,,,,,,,,,,,,,,,,,,,,,,,,,,,,,,,,,,,,,,,,,,,,,,,,,,,,,,,,,,,,,,,,,,,,,,,,,,,,,,,,,,,,,,,,
23792,<b>,533946,533945,<e>,<b>,533946,533945,<e>,<b>,533946,533945,<e>,<b>,533946,533945,<e>,<b>,533946,533946,<e>,<b>,533946,533945,<e>,<b>,533946,533945,<e>,<b>,533946,533945,<e>,<b>,533946,533946,533946,<e>,<b>,533946,533945,<e>,<b>,533946,533935,533946,<e>,<b>,533946,533945,<e>,<b>,533946,533945,<e>,<b>,533946,533945,<e>,<b>,533946,533945,<e>,<b>,533946,533945,<e>,<b>,533946,533944,<e>,,,,,,,,,,,,,,,,,,,,,,,,,,,,,,,,,,,,,,,,,,,,,,,,,,,,,,,,,,,,,,,,,,,,,,,,,,,,,,,,,,
23795,<b>,533935,533946,<e>,<b>,533935,533946,<e>,<b>,533935,533935,<e>,<b>,533935,543902,543902,543912,543913,533935,533935,<e>,<b>,533935,533945,533935,533935,<e>,<b>,533935,533945,<e>,<b>,533935,533935,533946,<e>,<b>,533935,533946,533946,<e>,<b>,533935,533935,<e>,<b>,533935,533945,<e>,<b>,533935,533935,533935,533935,<e>,<b>,533935,533935,<e>,<b>,533935,533945,533935,<e>,<b>,533935,533935,533946,533935,<e>,<b>,533935,533946,<e>,<b>,533935,533935,533946,<e>,<b>,533935,533935,533935,533945,533935,533935,<e>,<b>,533935,533935,<e>,,,,,,,,,,,,,,,,,,,,,,,,,,,,,,,,,,,,,,,,,,,,,,,,,,,,,,,,,,,,,
23796,<b>,533935,533935,<e>,<b>,533935,533935,<e>,<b>,533935,533935,<e>,<b>,533935,533935,<e>,<b>,533935,533935,<e>,<b>,533935,533935,<e>,<b>,533935,533935,<e>,<b>,533935,533935,<e>,<b>,533935,533935,533935,<e>,<b>,533935,533935,533935,<e>,<b>,533935,533935,<e>,,,,,,,,,,,,,,,,,,,,,,,,,,,,,,,,,,,,,,,,,,,,,,,,,,,,,,,,,,,,,,,,,,,,,,,,,,,,,,,,,,,,,,,,,,,,,,,,,,,,,,,,,,
23800,<b>,533945,533945,<e>,<b>,533945,533945,533945,533944,<e>,<b>,533945,533936,533945,<e>,<b>,533945,533945,<e>,<b>,533945,533945,<e>,<b>,533945,533945,533945,533945,<e>,<b>,533945,533943,<e>,,,,,,,,,,,,,,,,,,,,,,,,,,,,,,,,,,,,,,,,,,,,,,,,,,,,,,,,,,,,,,,,,,,,,,,,,,,,,,,,,,,,,,,,,,,,,,,,,,,,,,,,,,,,,,,,,,,,,,,
23805,<b>,533953,533935,533954,533954,<e>,<b>,533953,533945,533945,<e>,<b>,533953,533935,<e>,<b>,533953,533935,533945,533945,533953,<e>,<b>,533953,533970,533935,<e>,<b>,533953,533935,<e>,<b>,533953,533935,<e>,<b>,533953,533936,533935,<e>,<b>,533953,533935,533945,533946,<e>,<b>,533953,533954,533945,533935,533945,<e>,<b>,533953,533935,533945,533953,<e>,<b>,533953,533935,<e>,<b>,533953,533935,<e>,<b>,533953,533935,<e>,<b>,533953,533935,<e>,<b>,533944,533935,<e>,,,,,,,,,,,,,,,,,,,,,,,,,,,,,,,,,,,,,,,,,,,,,,,,,,,,,,,,,,,,,,,,,,,,,,,,,
23806,<b>,533935,533946,533935,<e>,<b>,533935,533945,<e>,<b>,533945,533946,533945,<e>,<b>,533935,533933,533935,<e>,<b>,533935,533945,533965,<e>,<b>,533935,533946,533926,533946,533935,<e>,<b>,533935,533946,533935,533935,<e>,<b>,533935,533946,533935,<e>,<b>,533935,533946,533935,<e>,<b>,533935,533946,533946,533946,533946,533935,<e>,<b>,533935,533946,533955,<e>,<b>,533935,534041,533953,533953,533946,533935,533935,<e>,,,,,,,,,,,,,,,,,,,,,,,,,,,,,,,,,,,,,,,,,,,,,,,,,,,,,,,,,,,,,,,,,,,,,,,,,,,,,,,,,,,
23807,<b>,533945,533945,<e>,<b>,533945,533946,<e>,<b>,533945,533946,<e>,<b>,533945,533945,<e>,<b>,533945,533945,533945,533946,<e>,<b>,533945,533945,<e>,<b>,533945,533945,533935,<e>,<b>,533945,533945,<e>,<b>,533945,533945,<e>,<b>,533945,533946,<e>,<b>,533945,533945,<e>,<b>,533945,533945,<e>,<b>,533945,533945,<e>,<b>,533945,533945,<e>,<b>,533945,533945,<e>,<b>,533945,533946,<e>,<b>,533945,533946,<e>,<b>,533945,533947,<e>,,,,,,,,,,,,,,,,,,,,,,,,,,,,,,,,,,,,,,,,,,,,,,,,,,,,,,,,,,,,,,,,,,,,,,,,,,,,,
23811,<b>,534040,533935,<e>,<b>,534040,533935,<e>,<b>,534040,533946,<e>,<b>,534040,533935,<e>,<b>,534040,533935,<e>,<b>,534040,533935,<e>,<b>,534040,533935,<e>,<b>,534040,533935,<e>,<b>,534040,534040,<e>,<b>,534040,533946,<e>,<b>,534040,533946,<e>,,,,,,,,,,,,,,,,,,,,,,,,,,,,,,,,,,,,,,,,,,,,,,,,,,,,,,,,,,,,,,,,,,,,,,,,,,,,,,,,,,,,,,,,,,,,,,,,,,,,,,,,,,,,
23812,<b>,533935,533935,533946,533935,533935,<e>,<b>,533935,533946,533935,<e>,<b>,533935,533946,533935,533935,<e>,<b>,533935,533935,<e>,<b>,533935,533935,<e>,<b>,533935,533946,533946,533946,533946,533935,<e>,<b>,533935,533935,533935,533935,<e>,<b>,533935,533935,<e>,<b>,533935,533946,533935,<e>,<b>,533935,533946,533935,<e>,<b>,533935,533946,533935,<e>,<b>,533935,543934,543934,543933,543943,543942,543942,543934,<e>,<b>,533936,533936,533936,533935,533935,<e>,,,,,,,,,,,,,,,,,,,,,,,,,,,,,,,,,,,,,,,,,,,,,,,,,,,,,,,,,,,,,,,,,,,,,,,,,,,,
23813,<b>,533945,533936,533935,<e>,<b>,533945,533936,533935,<e>,<b>,533945,533935,<e>,<b>,543912,533945,533935,<e>,<b>,533945,533935,<e>,<b>,533945,533936,533935,<e>,<b>,533945,533936,533935,533935,<e>,<b>,533945,533936,533935,<e>,<b>,533945,533945,533945,<e>,<b>,533945,,<e>,<b>,533945,533935,<e>,<b>,533945,533936,533935,<e>,<b>,533945,533936,<e>,<b>,533945,533935,<e>,,,,,,,,,,,,,,,,,,,,,,,,,,,,,,,,,,,,,,,,,,,,,,,,,,,,,,,,,,,,,,,,,,,,,,,,,,,,,,,,,,,,,,,
23821,<b>,533935,533935,533935,533935,<e>,<b>,533935,533935,533935,533935,<e>,<b>,533935,533935,533935,533935,<e>,<b>,533935,533935,533935,533935,<e>,<b>,533935,533935,<e>,<b>,533935,533935,533935,533935,<e>,<b>,533935,533935,533935,533935,<e>,<b>,533935,533935,533935,<e>,<b>,533935,533935,533935,533935,<e>,<b>,533935,533935,<e>,<b>,533935,533935,533935,533935,<e>,<b>,533935,533935,533935,533935,<e>,<b>,533935,533935,533935,533935,<e>,<b>,533935,533935,<e>,<b>,533935,533935,533935,533935,533935,<e>,,,,,,,,,,,,,,,,,,,,,,,,,,,,,,,,,,,,,,,,,,,,,,,,,,,,,,,,,,,,,,,,,,,,
23823,<b>,533935,533935,<e>,<b>,533935,533935,533935,533945,<e>,<b>,533935,533946,<e>,<b>,533945,533945,533945,<e>,<b>,533935,533945,<e>,<b>,533935,533946,<e>,<b>,533935,533946,533935,<e>,<b>,533935,533945,<e>,<b>,533945,533946,533946,533946,<e>,<b>,533935,533946,<e>,<b>,533935,533946,533935,533935,<e>,<b>,533935,533946,533935,<e>,<b>,533935,533946,533946,<e>,<b>,533935,533935,<e>,,,,,,,,,,,,,,,,,,,,,,,,,,,,,,,,,,,,,,,,,,,,,,,,,,,,,,,,,,,,,,,,,,,,,,,,,,,,,,,,,,,,,,
23827,<b>,533945,533945,533945,<e>,<b>,533935,533935,533935,533935,<e>,<b>,533935,533945,<e>,<b>,533935,533945,533945,<e>,<b>,533935,533945,533935,<e>,<b>,533935,533945,533945,533945,<e>,<b>,533935,533935,<e>,<b>,,,,,,,,<e>,<b>,533935,533945,533945,533945,533946,533945,533945,<e>,<b>,533935,533945,533945,533946,533946,<e>,<b>,533935,533945,533946,533945,533945,533945,<e>,<b>,533935,533935,<e>,,,,,,,,,,,,,,,,,,,,,,,,,,,,,,,,,,,,,,,,,,,,,,,,,,,,,,,,,,,,,,,,,,,,,,,,,,,,,,,,
23829,<b>,533945,533945,<e>,<b>,533945,533945,533954,<e>,<b>,533944,533945,533945,533954,<e>,<b>,533946,533954,<e>,,,,,,,,,,,,,,,,,,,,,,,,,,,,,,,,,,,,,,,,,,,,,,,,,,,,,,,,,,,,,,,,,,,,,,,,,,,,,,,,,,,,,,,,,,,,,,,,,,,,,,,,,,,,,,,,,,,,,,,,,,,,,,,,,,,,,
23832,<b>,533936,533936,<e>,<b>,533936,533945,533945,<e>,<b>,533936,533935,533935,<e>,<b>,533936,533936,<e>,<b>,533936,533936,<e>,<b>,533936,533936,<e>,<b>,533936,533945,<e>,<b>,533935,533935,<e>,<b>,533936,533936,533936,<e>,<b>,533936,533936,<e>,<b>,533936,533936,<e>,<b>,533936,533936,<e>,,,,,,,,,,,,,,,,,,,,,,,,,,,,,,,,,,,,,,,,,,,,,,,,,,,,,,,,,,,,,,,,,,,,,,,,,,,,,,,,,,,,,,,,,,,,,,,,,,,,,
23835,<b>,533955,533946,<e>,<b>,533955,533946,533955,533955,<e>,<b>,533955,533946,533955,533955,<e>,<b>,533955,533946,533955,533955,<e>,<b>,533955,533955,533955,533955,533955,533935,<e>,<b>,533955,533946,533955,533935,533955,<e>,<b>,533955,533946,<e>,<b>,533955,533955,<e>,<b>,533955,533946,<e>,<b>,533955,533955,533955,533946,<e>,<b>,533955,533955,<e>,<b>,533955,533955,<e>,<b>,533955,533946,<e>,<b>,533955,533946,533955,<e>,<b>,533955,533945,<e>,<b>,533955,533946,<e>,,,,,,,,,,,,,,,,,,,,,,,,,,,,,,,,,,,,,,,,,,,,,,,,,,,,,,,,,,,,,,,,,,,,,,,,
23836,<b>,533935,533935,533925,533925,<e>,<b>,533935,533935,<e>,<b>,533935,533935,<e>,<b>,533935,533935,<e>,<b>,533935,533935,533935,<e>,<b>,533935,533935,<e>,<b>,533935,533912,533912,<e>,<b>,533935,533935,533935,<e>,<b>,533935,533935,533935,533935,<e>,<b>,533935,533935,533935,533935,533935,533935,<e>,<b>,533935,533935,533935,<e>,<b>,533935,533935,<e>,<b>,533935,533935,533935,533935,<e>,<b>,533935,523972,533945,<e>,,,,,,,,,,,,,,,,,,,,,,,,,,,,,,,,,,,,,,,,,,,,,,,,,,,,,,,,,,,,,,,,,,,,,,,,,,,,,,,,,
23839,<b>,533945,533945,<e>,<b>,533945,533945,<e>,<b>,533945,533945,533945,<e>,<b>,533945,533945,<e>,<b>,533945,533934,<e>,<b>,533945,533945,533945,<e>,<b>,533945,533945,533945,<e>,<b>,533945,533945,533945,<e>,<b>,533945,533945,<e>,<b>,533945,533945,<e>,<b>,533945,533945,533945,<e>,<b>,533945,533934,<e>,<b>,533945,533945,533945,533945,<e>,<b>,533945,533945,<e>,<b>,533945,533945,<e>,<b>,533945,533945,<e>,<b>,533945,533945,533945,<e>,<b>,533945,533945,533945,<e>,,,,,,,,,,,,,,,,,,,,,,,,,,,,,,,,,,,,,,,,,,,,,,,,,,,,,,,,,,,,,,,,,,,,,,,
23841,<b>,533955,533945,533945,<e>,<b>,533955,533955,<e>,<b>,533955,533946,533945,<e>,<b>,533955,533946,533946,<e>,<b>,533955,533955,<e>,<b>,533955,533945,533946,<e>,<b>,533955,533935,<e>,<b>,533955,533955,<e>,<b>,533955,533955,<e>,<b>,533955,533955,<e>,<b>,533955,533955,533955,533955,<e>,<b>,533955,533955,<e>,<b>,533955,533955,<e>,<b>,533955,533935,533925,<e>,,,,,,,,,,,,,,,,,,,,,,,,,,,,,,,,,,,,,,,,,,,,,,,,,,,,,,,,,,,,,,,,,,,,,,,,,,,,,,,,,,,,,,,,,
23842,<b>,533946,533945,<e>,<b>,533946,533945,<e>,<b>,533946,533945,533946,<e>,<b>,533946,533945,<e>,<b>,533946,533945,<e>,<b>,533946,533946,<e>,<b>,533946,533946,<e>,<b>,533946,533945,533946,<e>,<b>,533946,533945,<e>,<b>,533946,533946,533946,533946,<e>,<b>,533946,533945,<e>,<b>,533946,533945,<e>,<b>,533946,533945,<e>,<b>,533946,533946,<e>,<b>,533946,533945,<e>,<b>,533946,533945,533946,<e>,<b>,533946,533945,533946,<e>,,,,,,,,,,,,,,,,,,,,,,,,,,,,,,,,,,,,,,,,,,,,,,,,,,,,,,,,,,,,,,,,,,,,,,,,,,,,,,
23845,<b>,533935,533935,<e>,<b>,533945,533935,533945,<e>,<b>,533945,533935,<e>,<b>,533945,533935,<e>,<b>,533945,533935,533935,<e>,<b>,533945,533935,533935,<e>,<b>,533945,533935,533946,533946,533945,533935,<e>,<b>,533945,533935,<e>,<b>,533945,533935,<e>,<b>,533945,533945,533945,533945,<e>,<b>,533945,533935,533935,<e>,<b>,533945,533935,<e>,<b>,533945,533935,533935,533935,<e>,<b>,533945,533935,<e>,<b>,533945,533935,<e>,<b>,533945,533925,<e>,,,,,,,,,,,,,,,,,,,,,,,,,,,,,,,,,,,,,,,,,,,,,,,,,,,,,,,,,,,,,,,,,,,,,,,,,,,,
23847,<b>,533946,533935,533974,<e>,<b>,533946,,<e>,<b>,533946,533935,<e>,<b>,533946,533946,<e>,<b>,533946,523974,533946,<e>,<b>,533946,533935,533945,<e>,<b>,533946,533964,533946,<e>,<b>,533946,533936,533925,533925,<e>,<b>,,,<e>,<b>,533946,533946,533946,533935,<e>,<b>,533946,533935,533946,533935,533946,533935,<e>,<b>,533946,533946,<e>,<b>,533946,543976,543967,<e>,,,,,,,,,,,,,,,,,,,,,,,,,,,,,,,,,,,,,,,,,,,,,,,,,,,,,,,,,,,,,,,,,,,,,,,,,,,,,,,,,,,,,,,
23853,<b>,533956,533956,<e>,<b>,533956,533946,<e>,<b>,533956,533946,<e>,<b>,533946,533946,<e>,<b>,533956,533945,533946,<e>,<b>,533956,533946,<e>,<b>,533956,533956,<e>,<b>,<e>,<b>,533956,533956,<e>,<b>,533956,533956,<e>,<b>,533956,533946,<e>,<b>,<e>,<b>,533956,533956,533956,533956,<e>,<b>,533956,533946,<e>,<b>,533956,533946,<e>,,,,,,,,,,,,,,,,,,,,,,,,,,,,,,,,,,,,,,,,,,,,,,,,,,,,,,,,,,,,,,,,,,,,,,,,,,,,,,,,,,,,,,,,,,,,,
23855,<b>,533935,533935,533935,533935,533935,533935,<e>,<b>,533935,533935,533935,533935,533935,533935,533935,533935,533935,<e>,<b>,533935,533946,533935,533935,533935,533935,533935,<e>,<b>,533935,533914,533935,<e>,<b>,533935,533915,533915,<e>,<b>,533935,533935,533935,533914,533935,533914,<e>,<b>,533935,533914,<e>,<b>,533935,533935,533935,533935,533935,533935,533935,533935,<e>,<b>,533935,533914,533935,<e>,<b>,533935,533914,<e>,<b>,533935,533915,533935,533935,533935,533935,533935,533935,533935,<e>,<b>,533935,533935,<e>,<b>,533925,533914,<e>,<b>,533935,533935,533935,533914,533903,533914,<e>,<b>,533935,533935,533914,533914,<e>,<b>,533935,533935,533935,533914,<e>,<b>,533935,533935,533935,533914,533915,<e>,<b>,533935,533914,533935,<e>,,,,,,,,,,,,,,,,,,,,,,,,,,,,,,,,
23856,<b>,533935,533935,<e>,<b>,533925,533935,<e>,<b>,533925,533935,533935,<e>,<b>,533925,533935,<e>,<b>,533935,533935,<e>,<b>,533925,533935,<e>,<b>,533925,533935,<e>,<b>,533925,533935,533935,<e>,<b>,533925,533935,533935,<e>,<b>,533925,533935,<e>,<b>,533925,533935,<e>,<b>,533925,533935,<e>,<b>,533925,533935,533925,<e>,,,,,,,,,,,,,,,,,,,,,,,,,,,,,,,,,,,,,,,,,,,,,,,,,,,,,,,,,,,,,,,,,,,,,,,,,,,,,,,,,,,,,,,,,,,,,,,,
23860,<b>,533945,533936,533946,533946,<e>,<b>,533945,533945,<e>,<b>,533945,533946,533946,533935,533935,533945,533935,<e>,<b>,533945,533935,533945,533935,<e>,<b>,533945,533936,533936,533945,<e>,<b>,533945,533945,533945,533945,533945,<e>,<b>,533945,533936,533946,533946,533946,533946,<e>,<b>,533945,533945,<e>,<b>,533945,533936,533936,<e>,<b>,533945,533946,533946,<e>,<b>,533945,533936,533946,<e>,<b>,533945,533936,533936,533946,533946,<e>,<b>,533945,533945,<e>,<b>,533945,533946,533946,<e>,<b>,533945,533945,533945,533945,<e>,<b>,533945,533936,<e>,,,,,,,,,,,,,,,,,,,,,,,,,,,,,,,,,,,,,,,,,,,,,,,,,,,,,,,,,,,,,
23861,<b>,533935,533946,533935,533935,<e>,<b>,533935,533946,<e>,<b>,533935,533946,533946,<e>,<b>,533935,533935,<e>,<b>,533935,533935,533935,533935,<e>,<b>,533935,533946,<e>,<b>,533935,533946,533935,533945,533935,<e>,<b>,533935,533945,<e>,<b>,533935,533935,<e>,<b>,533935,533946,<e>,<b>,533935,533946,533935,<e>,<b>,533935,533946,533945,<e>,<b>,533935,533946,533946,<e>,<b>,533935,533946,533935,<e>,,,,,,,,,,,,,,,,,,,,,,,,,,,,,,,,,,,,,,,,,,,,,,,,,,,,,,,,,,,,,,,,,,,,,,,,,,,,,,,,,,,,
23863,<b>,533934,533945,<e>,<b>,533923,533945,533945,<e>,<b>,533923,533935,533934,<e>,<b>,533923,533923,<e>,<b>,533923,533945,533923,<e>,<b>,533923,533945,<e>,<b>,533923,533923,<e>,<b>,533923,533923,<e>,<b>,533923,533945,<e>,<b>,533913,533923,<e>,<b>,533923,533945,533934,<e>,<b>,533923,533945,<e>,<b>,533923,533945,<e>,<b>,533923,533945,533923,<e>,,,,,,,,,,,,,,,,,,,,,,,,,,,,,,,,,,,,,,,,,,,,,,,,,,,,,,,,,,,,,,,,,,,,,,,,,,,,,,,,,,,,,,,,,,,
23864,<b>,533944,533944,<e>,<b>,533945,533944,533945,533945,<e>,<b>,533945,533945,<e>,<b>,533945,533935,533945,<e>,<b>,533945,533935,533936,533936,<e>,<b>,533945,523974,523974,<e>,<b>,533945,533944,533945,533945,<e>,<b>,533945,533944,533945,533945,533945,533945,<e>,<b>,533945,533935,533925,<e>,<b>,533945,533946,533945,533945,<e>,<b>,533945,533935,<e>,<b>,533945,533935,<e>,<b>,533945,533945,<e>,<b>,533944,533944,<e>,<b>,533944,533944,<e>,<b>,533944,533945,<e>,<b>,533945,533945,533935,533946,<e>,<b>,533945,533935,<e>,,,,,,,,,,,,,,,,,,,,,,,,,,,,,,,,,,,,,,,,,,,,,,,,,,,,,,,,,,,,,,,
23865,<b>,533955,533955,533955,533955,533955,<e>,<b>,533955,533955,533955,<e>,<b>,533955,533955,533955,<e>,<b>,533955,533935,533955,533955,<e>,<b>,533955,533955,533955,533935,533955,533955,<e>,<b>,533955,533955,533955,533955,533955,<e>,<b>,533955,533955,533946,533955,533955,<e>,<b>,533955,533955,533955,<e>,<b>,533955,533955,533955,<e>,<b>,533955,533946,533945,533955,<e>,<b>,533955,533946,533936,533955,533955,<e>,<b>,533955,533955,533955,<e>,<b>,533955,533955,533955,<e>,<b>,533955,533955,533955,533955,533955,<e>,<b>,533955,533955,533955,<e>,<b>,533955,533955,533955,533955,<e>,<b>,533955,533946,533935,533955,<e>,,,,,,,,,,,,,,,,,,,,,,,,,,,,,,,,,,,,,,,,,,,,,,,,,,
23867,<b>,533935,533945,533935,533935,<e>,<b>,533935,533945,533935,<e>,<b>,533935,533935,<e>,<b>,533935,533935,<e>,<b>,533935,533935,533935,533935,533946,533945,533935,533935,<e>,<b>,533935,533944,533944,<e>,<b>,533935,533935,533935,<e>,<b>,533935,533935,533935,533944,<e>,<b>,533935,533935,533935,533935,533935,<e>,<b>,533935,533935,<e>,<b>,533935,533935,533935,533935,533935,<e>,<b>,533935,533945,533935,533935,533935,533935,533935,533935,<e>,<b>,533935,533945,533935,533945,<e>,,,,,,,,,,,,,,,,,,,,,,,,,,,,,,,,,,,,,,,,,,,,,,,,,,,,,,,,,,,,,,,,,,,,,,,,,
23869,<b>,533935,533935,533935,<e>,<b>,533935,533935,533935,533935,<e>,<b>,533945,533945,<e>,<b>,533935,533935,<e>,<b>,533935,533935,<e>,<b>,533945,533945,<e>,<b>,533935,533935,<e>,<b>,533945,533944,<e>,<b>,533935,533935,<e>,<b>,533935,533935,<e>,<b>,533935,533935,<e>,<b>,533945,533945,<e>,,,,,,,,,,,,,,,,,,,,,,,,,,,,,,,,,,,,,,,,,,,,,,,,,,,,,,,,,,,,,,,,,,,,,,,,,,,,,,,,,,,,,,,,,,,,,,,,,,,,,
23608,<b>,533935,533935,533935,533935,<e>,<b>,533935,533935,533935,<e>,<b>,533935,533935,533935,533935,533945,533945,533945,533945,<e>,<b>,533935,533945,533945,<e>,<b>,533935,533935,533935,533935,533935,533935,<e>,<b>,533935,533935,533935,533936,<e>,<b>,533935,533914,533935,533935,533935,<e>,<b>,533935,533935,533935,533935,533935,<e>,<b>,533935,533935,533935,533935,533935,533935,533935,<e>,<b>,533935,533935,<e>,<b>,533935,533935,533935,533935,533935,533935,<e>,,,,,,,,,,,,,,,,,,,,,,,,,,,,,,,,,,,,,,,,,,,,,,,,,,,,,,,,,,,,,,,,,,,,,,,,,,,,,
23611,<b>,533944,533945,<e>,<b>,533944,533945,<e>,<b>,533945,533946,533945,533936,533944,<e>,<b>,533944,533944,<e>,<b>,533945,533944,<e>,<b>,533944,533945,533935,533936,533945,<e>,<b>,533944,533945,533944,<e>,<b>,533944,543976,533944,<e>,<b>,533945,533944,<e>,<b>,533945,533945,533945,533945,533944,<e>,<b>,533944,533945,533944,<e>,<b>,533944,533944,<e>,<b>,533944,,,,,,,,,<e>,<b>,,,,,,,<e>,,,,,,,,,,,,,,,,,,,,,,,,,,,,,,,,,,,,,,,,,,,,,,,,,,,,,,,,,,,,,,,,,,,,,,,,,
23613,<b>,533935,533935,533935,<e>,<b>,533935,533946,533935,533935,<e>,<b>,533945,533935,<e>,<b>,533945,533935,533935,<e>,<b>,533935,533935,533945,<e>,<b>,533935,533935,533935,<e>,<b>,533935,533935,<e>,<b>,533935,533935,533935,<e>,<b>,533935,533935,<e>,<b>,533935,533935,<e>,<b>,533935,533935,533935,<e>,<b>,533935,533935,533935,533945,<e>,<b>,533935,533935,533935,<e>,<b>,533935,533935,533935,<e>,,,,,,,,,,,,,,,,,,,,,,,,,,,,,,,,,,,,,,,,,,,,,,,,,,,,,,,,,,,,,,,,,,,,,,,,,,,,,,,,,,,,
23627,<b>,533935,533946,533945,533945,<e>,<b>,533945,533945,533945,<e>,<b>,533945,533945,<e>,<b>,533945,533945,<e>,<b>,533945,533936,<e>,<b>,533945,533945,<e>,<b>,533945,533945,<e>,<b>,533945,533945,<e>,<b>,533945,533945,<e>,<b>,533945,533945,533945,533945,<e>,<b>,533945,533945,<e>,<b>,533945,533935,533936,533935,<e>,<b>,533945,533936,<e>,<b>,533945,533945,<e>,,,,,,,,,,,,,,,,,,,,,,,,,,,,,,,,,,,,,,,,,,,,,,,,,,,,,,,,,,,,,,,,,,,,,,,,,,,,,,,,,,,,,,,,,
23633,<b>,533935,,<e>,<b>,533955,533935,<e>,<b>,533955,533935,<e>,<b>,533955,533946,534010,533945,<e>,<b>,533955,533945,<e>,<b>,533955,533945,533945,533945,<e>,<b>,533955,533955,533955,533935,<e>,<b>,533955,533955,<e>,,,,,,,,,,,,,,,,,,,,,,,,,,,,,,,,,,,,,,,,,,,,,,,,,,,,,,,,,,,,,,,,,,,,,,,,,,,,,,,,,,,,,,,,,,,,,,,,,,,,,,,,,,,,,,,,,,
23647,<b>,533945,533935,533935,533935,<e>,<b>,533935,533935,<e>,<b>,533935,533935,<e>,<b>,533935,533935,533935,533935,<e>,<b>,533935,533935,<e>,<b>,533935,533935,533935,533935,<e>,<b>,533935,533935,533935,<e>,<b>,533935,533935,<e>,<b>,533935,533935,<e>,<b>,533935,533935,533935,533935,533945,533945,<e>,<b>,533935,533935,<e>,<b>,533935,533935,<e>,<b>,533935,533945,533935,533935,<e>,,,,,,,,,,,,,,,,,,,,,,,,,,,,,,,,,,,,,,,,,,,,,,,,,,,,,,,,,,,,,,,,,,,,,,,,,,,,,,,,,,,,,,,
23658,<b>,533924,533945,<e>,<b>,533924,533945,<e>,<b>,533924,533945,<e>,<b>,533924,533945,<e>,<b>,533924,533945,<e>,<b>,533924,533924,533945,<e>,<b>,533945,533945,533945,533945,<e>,<b>,533924,533924,<e>,<b>,533924,533935,533924,<e>,<b>,533924,533935,<e>,<b>,533924,533935,<e>,<b>,533904,533935,<e>,<b>,533924,533944,<e>,<b>,533945,533944,533944,<e>,,,,,,,,,,,,,,,,,,,,,,,,,,,,,,,,,,,,,,,,,,,,,,,,,,,,,,,,,,,,,,,,,,,,,,,,,,,,,,,,,,,,,,,,,,,
23662,<b>,533934,533935,533934,<e>,<b>,533934,533934,533945,533934,533935,533935,533934,<e>,<b>,533934,533934,<e>,<b>,533944,533934,533934,533944,533934,<e>,<b>,533944,533944,533934,<e>,<b>,533944,533944,533945,533934,<e>,<b>,533944,533944,533934,<e>,<b>,533944,533934,<e>,<b>,533944,533934,533934,<e>,,,,,,,,,,,,,,,,,,,,,,,,,,,,,,,,,,,,,,,,,,,,,,,,,,,,,,,,,,,,,,,,,,,,,,,,,,,,,,,,,,,,,,,,,,,,,,,,,,,,,,
23672,<b>,533935,533935,533935,533935,<e>,<b>,533935,533935,533935,533935,<e>,<b>,533935,533935,<e>,<b>,533935,533935,533935,533935,<e>,<b>,533935,533935,533935,<e>,<b>,533935,533935,<e>,<b>,533935,533945,<e>,<b>,533935,533935,533935,<e>,<b>,533935,533935,<e>,<b>,533935,533935,533935,533935,533935,533935,<e>,<b>,533935,533935,<e>,<b>,533935,533935,533935,<e>,<b>,533935,533935,533935,533935,<e>,<b>,533935,533935,533935,<e>,<b>,533935,533935,<e>,<b>,533935,533936,533935,533935,533935,<e>,,,,,,,,,,,,,,,,,,,,,,,,,,,,,,,,,,,,,,,,,,,,,,,,,,,,,,,,,,,,,,,,,,,,,
23678,<b>,533923,533923,533946,<e>,<b>,533923,533946,533945,<e>,<b>,533923,533924,533946,533946,<e>,<b>,533923,533945,<e>,<b>,533923,533945,<e>,<b>,533923,533923,533946,533946,<e>,<b>,533923,533945,533935,533935,533935,533946,<e>,<b>,533923,533946,533935,<e>,,,,,,,,,,,,,,,,,,,,,,,,,,,,,,,,,,,,,,,,,,,,,,,,,,,,,,,,,,,,,,,,,,,,,,,,,,,,,,,,,,,,,,,,,,,,,,,,,,,,,,,,,,,,,
23690,<b>,533934,533936,533934,<e>,<b>,533924,533936,<e>,<b>,533924,533924,<e>,<b>,533934,533936,<e>,<b>,533924,533936,<e>,<b>,533924,533935,<e>,<b>,533934,533935,533932,<e>,<b>,533924,533936,533924,<e>,<b>,533924,533936,<e>,<b>,533924,533936,<e>,<b>,533924,533945,<e>,,,,,,,,,,,,,,,,,,,,,,,,,,,,,,,,,,,,,,,,,,,,,,,,,,,,,,,,,,,,,,,,,,,,,,,,,,,,,,,,,,,,,,,,,,,,,,,,,,,,,,,,,
23697,<b>,533925,533935,533925,<e>,<b>,533925,533935,533935,533945,533925,<e>,<b>,533925,533925,533925,533925,<e>,<b>,533925,533925,533925,533925,<e>,<b>,533925,533935,533935,533925,<e>,<b>,533925,533935,533935,533925,<e>,<b>,533925,533935,533935,533935,533935,533925,<e>,<b>,533925,533925,533925,533925,533925,533945,533945,533925,<e>,<b>,533925,533935,533935,533925,<e>,<b>,533925,533946,533925,533925,533925,533925,533925,533935,<e>,<b>,533925,533935,<e>,<b>,533925,533935,<e>,<b>,533925,533935,<e>,<b>,533925,533935,533946,<e>,<b>,533925,533935,<e>,<b>,533925,533935,533946,<e>,<b>,533925,533935,<e>,,,,,,,,,,,,,,,,,,,,,,,,,,,,,,,,,,,,,,,,,,,,,,,,,,,,
23698,<b>,533935,533915,533935,<e>,<b>,533935,533915,533935,533935,<e>,<b>,,533946,533935,<e>,<b>,533935,533915,533935,533935,<e>,<b>,533935,533915,533915,<e>,<b>,533935,533915,533946,533936,<e>,<b>,533935,533935,<e>,<b>,533935,533915,<e>,<b>,533935,544050,544071,544071,<e>,<b>,533935,544071,,533935,533935,<e>,<b>,533935,533915,<e>,<b>,533935,533915,533925,533935,<e>,<b>,533935,533915,<e>,<b>,533935,533915,<e>,<b>,533935,533915,<e>,,,,,,,,,,,,,,,,,,,,,,,,,,,,,,,,,,,,,,,,,,,,,,,,,,,,,,,,,,,,,,,,,,,,,,,,,,,,
23699,<b>,533925,533925,533925,533925,<e>,<b>,533925,533925,533925,<e>,<b>,533925,533946,533946,533925,<e>,<b>,533925,533935,533925,<e>,<b>,533925,533925,533935,533935,533925,<e>,<b>,533925,533925,<e>,<b>,533925,533925,533925,<e>,<b>,533925,533925,533925,<e>,<b>,533925,533925,533935,533925,<e>,<b>,533925,533935,533925,<e>,<b>,533925,533925,533925,<e>,<b>,533925,533925,533925,<e>,<b>,533935,533935,<e>,<b>,533925,533925,533946,<e>,<b>,533946,533946,533946,<e>,<b>,533925,533925,533925,533925,533925,<e>,<b>,533925,533946,<e>,,,,,,,,,,,,,,,,,,,,,,,,,,,,,,,,,,,,,,,,,,,,,,,,,,,,,,,,,,,,,,,
23732,<b>,533935,533935,<e>,<b>,533935,533935,<e>,<b>,533935,533935,<e>,<b>,533935,533935,<e>,<b>,533935,533935,<e>,<b>,533935,533935,<e>,<b>,533935,533935,<e>,<b>,533935,533935,<e>,,,,,,,,,,,,,,,,,,,,,,,,,,,,,,,,,,,,,,,,,,,,,,,,,,,,,,,,,,,,,,,,,,,,,,,,,,,,,,,,,,,,,,,,,,,,,,,,,,,,,,,,,,,,,,,,,,,,,,,,
23743,<b>,533944,533954,<e>,,,,,,,,,,,,,,,,,,,,,,,,,,,,,,,,,,,,,,,,,,,,,,,,,,,,,,,,,,,,,,,,,,,,,,,,,,,,,,,,,,,,,,,,,,,,,,,,,,,,,,,,,,,,,,,,,,,,,,,,,,,,,,,,,,,,,,,,,,,,,,,,,,,,
23750,<b>,533934,533946,<e>,<b>,533934,533946,533935,533934,<e>,<b>,533934,533935,<e>,<b>,533934,533935,<e>,<b>,533934,533946,533934,533934,<e>,<b>,533934,533934,<e>,<b>,533934,533946,<e>,<b>,,,<e>,<b>,533934,533945,533935,<e>,<b>,533935,533946,533945,533934,<e>,<b>,,,,<e>,,,,,,,,,,,,,,,,,,,,,,,,,,,,,,,,,,,,,,,,,,,,,,,,,,,,,,,,,,,,,,,,,,,,,,,,,,,,,,,,,,,,,,,,,,,,,,,,,,,,
23751,<b>,533925,533925,<e>,<b>,533925,533925,<e>,<b>,533925,533967,533925,<e>,<b>,533925,533925,<e>,<b>,533925,533925,533946,<e>,<b>,533925,533925,<e>,<b>,533925,533925,<e>,<b>,533925,533935,<e>,<b>,533925,533935,<e>,<b>,533925,533925,<e>,<b>,533925,533925,<e>,<b>,533925,523973,<e>,,,,,,,,,,,,,,,,,,,,,,,,,,,,,,,,,,,,,,,,,,,,,,,,,,,,,,,,,,,,,,,,,,,,,,,,,,,,,,,,,,,,,,,,,,,,,,,,,,,,,,
23752,<b>,533935,533946,<e>,<b>,533935,533945,<e>,<b>,533935,533945,533935,533935,<e>,<b>,533935,533935,<e>,<b>,533935,533946,533946,533945,<e>,<b>,533935,533946,<e>,<b>,533946,533946,<e>,<b>,533935,533945,533935,533935,<e>,<b>,533946,533946,533935,<e>,<b>,533935,533945,533945,<e>,<b>,533935,533946,<e>,<b>,533946,533946,<e>,<b>,533946,533946,533946,533946,533935,533935,<e>,<b>,533935,533935,<e>,,,,,,,,,,,,,,,,,,,,,,,,,,,,,,,,,,,,,,,,,,,,,,,,,,,,,,,,,,,,,,,,,,,,,,,,,,,,,,,,,,,,
23753,<b>,533946,533945,<e>,<b>,533946,533946,<e>,<b>,533946,533945,<e>,<b>,533946,533935,<e>,<b>,533946,533946,533945,<e>,<b>,533946,533935,533946,<e>,<b>,533946,533945,<e>,<b>,533946,533935,<e>,<b>,533946,533945,533935,<e>,<b>,533946,533946,<e>,<b>,533946,533935,533946,<e>,<b>,533946,533945,<e>,<b>,533946,533946,533946,533945,<e>,,,,,,,,,,,,,,,,,,,,,,,,,,,,,,,,,,,,,,,,,,,,,,,,,,,,,,,,,,,,,,,,,,,,,,,,,,,,,,,,,,,,,,,,,,,,,,
23755,<b>,533946,533937,<e>,<b>,533946,533945,<e>,<b>,533935,533935,533945,533945,<e>,<b>,533945,533935,<e>,<b>,533945,533945,<e>,<b>,533945,533935,533945,<e>,<b>,533945,533946,533946,<e>,,,,,,,,,,,,,,,,,,,,,,,,,,,,,,,,,,,,,,,,,,,,,,,,,,,,,,,,,,,,,,,,,,,,,,,,,,,,,,,,,,,,,,,,,,,,,,,,,,,,,,,,,,,,,,,,,,,,,,,,
23759,<b>,533945,533946,<e>,<b>,533945,533946,<e>,<b>,533945,533946,<e>,<b>,533945,533935,<e>,<b>,<e>,<b>,<e>,,,,,,,,,,,,,,,,,,,,,,,,,,,,,,,,,,,,,,,,,,,,,,,,,,,,,,,,,,,,,,,,,,,,,,,,,,,,,,,,,,,,,,,,,,,,,,,,,,,,,,,,,,,,,,,,,,,,,,,,,,,,,,,,,,,,
23761,<b>,533935,533925,533936,<e>,<b>,533945,533945,533945,<e>,<b>,533945,533925,533945,<e>,<b>,533945,533935,<e>,<b>,533945,533925,<e>,<b>,533945,533945,<e>,<b>,533945,533945,<e>,<b>,533945,533945,<e>,<b>,533945,533945,<e>,<b>,,,<e>,<b>,533945,533945,533945,533945,<e>,<b>,533945,533935,<e>,<b>,533945,533945,533945,533945,<e>,<b>,533945,533935,533945,<e>,,,,,,,,,,,,,,,,,,,,,,,,,,,,,,,,,,,,,,,,,,,,,,,,,,,,,,,,,,,,,,,,,,,,,,,,,,,,,,,,,,,,,,,,
23764,<b>,533946,533946,<e>,<b>,533946,533946,<e>,<b>,533946,533935,<e>,<b>,533946,533946,<e>,<b>,533946,533946,<e>,<b>,533946,533946,<e>,<b>,533946,533946,<e>,<b>,533946,533946,<e>,<b>,533946,533946,<e>,<b>,533946,533946,<e>,<b>,533946,533946,<e>,<b>,533946,533946,<e>,,,,,,,,,,,,,,,,,,,,,,,,,,,,,,,,,,,,,,,,,,,,,,,,,,,,,,,,,,,,,,,,,,,,,,,,,,,,,,,,,,,,,,,,,,,,,,,,,,,,,,,,
23769,<b>,533935,533935,533935,533945,<e>,<b>,533945,533935,533945,<e>,<b>,533945,533935,533945,533945,<e>,<b>,533945,533935,533945,<e>,<b>,533945,533935,533935,<e>,<b>,533945,533935,533935,533935,533946,<e>,<b>,533945,533946,533946,<e>,<b>,533935,533935,533945,533945,<e>,<b>,,,,<e>,<b>,533945,533935,533955,533935,533945,<e>,<b>,533945,533935,533945,533945,<e>,<b>,533945,533935,533945,<e>,<b>,533945,533935,533945,<e>,,,,,,,,,,,,,,,,,,,,,,,,,,,,,,,,,,,,,,,,,,,,,,,,,,,,,,,,,,,,,,,,,,,,,,,,,,,,,,,
23773,<b>,533935,533945,533945,<e>,<b>,533944,533935,<e>,<b>,533935,533945,533944,<e>,<b>,533935,533945,533945,533944,533936,533945,533945,533944,<e>,,,,,,,,,,,,,,,,,,,,,,,,,,,,,,,,,,,,,,,,,,,,,,,,,,,,,,,,,,,,,,,,,,,,,,,,,,,,,,,,,,,,,,,,,,,,,,,,,,,,,,,,,,,,,,,,,,,,,,,,,,,,,,,,
23776,<b>,,533935,533945,<e>,<b>,533945,533935,<e>,<b>,533945,533946,<e>,<b>,533945,533945,<e>,<b>,533945,533945,<e>,<b>,533946,533955,543905,<e>,<b>,533945,533946,533945,<e>,<b>,533945,533935,533946,533945,<e>,<b>,533945,533945,<e>,<b>,533945,533945,533945,<e>,<b>,533945,533945,<e>,,,,,,,,,,,,,,,,,,,,,,,,,,,,,,,,,,,,,,,,,,,,,,,,,,,,,,,,,,,,,,,,,,,,,,,,,,,,,,,,,,,,,,,,,,,,,,,,,,,,,,
23784,<b>,533935,533935,<e>,<b>,533935,533904,533914,533914,<e>,<b>,533935,533935,<e>,<b>,533935,533904,533904,533935,<e>,<b>,533935,533935,<e>,<b>,533935,533935,<e>,<b>,533935,533935,533935,533935,<e>,<b>,533935,533935,<e>,<b>,533935,533935,<e>,<b>,533935,533904,533935,<e>,<b>,<e>,<b>,533935,533935,<e>,<b>,533935,533904,533925,<e>,<b>,533935,533935,<e>,,,,,,,,,,,,,,,,,,,,,,,,,,,,,,,,,,,,,,,,,,,,,,,,,,,,,,,,,,,,,,,,,,,,,,,,,,,,,,,,,,,,,,,,,,
23804,<b>,533935,533925,,,<e>,<b>,533935,533935,<e>,<b>,533945,533945,<e>,<b>,533936,533945,<e>,<b>,533935,533935,<e>,<b>,533935,533936,<e>,<b>,533936,533935,<e>,,,,,,,,,,,,,,,,,,,,,,,,,,,,,,,,,,,,,,,,,,,,,,,,,,,,,,,,,,,,,,,,,,,,,,,,,,,,,,,,,,,,,,,,,,,,,,,,,,,,,,,,,,,,,,,,,,,,,,,,,,
23817,<b>,533924,533946,533946,533946,533924,<e>,<b>,533924,533946,533924,<e>,<b>,533924,533965,<e>,<b>,533924,533965,533924,<e>,<b>,533924,533924,<e>,<b>,533924,533946,533946,533946,533946,<e>,<b>,533924,533924,<e>,<b>,533924,533946,533946,533924,<e>,<b>,533924,533965,<e>,<b>,533924,533965,<e>,<b>,533924,533924,<e>,<b>,533924,533924,<e>,<b>,533924,533946,533946,533946,533946,<e>,<b>,533924,533936,<e>,<b>,533924,533946,<e>,,,,,,,,,,,,,,,,,,,,,,,,,,,,,,,,,,,,,,,,,,,,,,,,,,,,,,,,,,,,,,,,,,,,,,,,,,,,,,,
23819,<b>,533935,533935,533946,<e>,<b>,533935,533935,<e>,<b>,533935,533915,<e>,<b>,533935,533935,<e>,<b>,533935,533935,<e>,<b>,533935,533935,543925,<e>,<b>,533935,533915,533936,533935,<e>,<b>,533935,533935,<e>,<b>,533935,533935,<e>,<b>,533935,533936,533935,<e>,<b>,533935,533935,<e>,<b>,533935,533935,533915,<e>,<b>,533935,533925,533935,<e>,,,,,,,,,,,,,,,,,,,,,,,,,,,,,,,,,,,,,,,,,,,,,,,,,,,,,,,,,,,,,,,,,,,,,,,,,,,,,,,,,,,,,,,,,,,,,
23822,<b>,533955,533955,<e>,<b>,533955,533944,533955,<e>,<b>,533955,533953,<e>,<b>,533955,533946,533955,<e>,<b>,533955,533955,<e>,<b>,533945,533955,533955,533955,<e>,<b>,533955,533963,<e>,,,,,,,,,,,,,,,,,,,,,,,,,,,,,,,,,,,,,,,,,,,,,,,,,,,,,,,,,,,,,,,,,,,,,,,,,,,,,,,,,,,,,,,,,,,,,,,,,,,,,,,,,,,,,,,,,,,,,,,,
23828,<b>,533945,533946,533946,<e>,<b>,533945,533965,533946,533946,<e>,<b>,533945,533955,533935,533946,533946,<e>,<b>,533945,533926,533935,<e>,<b>,533945,533946,533946,<e>,<b>,533945,533935,<e>,<b>,533945,533946,533945,533946,<e>,<b>,533945,533946,533945,<e>,<b>,533945,533946,<e>,<b>,533945,533946,<e>,<b>,533945,533946,533935,533935,<e>,<b>,533945,533945,<e>,<b>,533945,533945,533945,<e>,<b>,533945,533946,533946,<e>,<b>,533945,533945,533945,<e>,,,,,,,,,,,,,,,,,,,,,,,,,,,,,,,,,,,,,,,,,,,,,,,,,,,,,,,,,,,,,,,,,,,,,,,,,,,,
23830,<b>,533935,533935,<e>,<b>,533946,533946,<e>,<b>,533935,533935,<e>,<b>,533935,533935,<e>,<b>,533935,533935,<e>,<b>,533935,533945,<e>,<b>,533935,533935,<e>,<b>,533935,533945,<e>,<b>,533946,533935,<e>,,,,,,,,,,,,,,,,,,,,,,,,,,,,,,,,,,,,,,,,,,,,,,,,,,,,,,,,,,,,,,,,,,,,,,,,,,,,,,,,,,,,,,,,,,,,,,,,,,,,,,,,,,,,,,,,,,,,
23837,<b>,533936,533936,<e>,<b>,533936,533936,533936,<e>,<b>,533915,533915,<e>,<b>,533936,533946,533936,<e>,<b>,533936,533946,533946,533946,<e>,<b>,533936,533936,533936,533936,533936,533936,<e>,<b>,533936,533936,533936,533936,533936,533945,<e>,<b>,533936,533936,533946,533946,<e>,<b>,533936,533935,<e>,<b>,533946,533936,533936,<e>,<b>,533936,533936,533946,533946,<e>,,,,,,,,,,,,,,,,,,,,,,,,,,,,,,,,,,,,,,,,,,,,,,,,,,,,,,,,,,,,,,,,,,,,,,,,,,,,,,,,,,,,,,,,,,,
23843,<b>,533935,533935,<e>,<b>,533935,533935,533935,533935,<e>,<b>,533935,533935,533935,533935,<e>,<b>,533935,533935,<e>,<b>,533935,533935,<e>,<b>,533935,533935,<e>,<b>,533935,<e>,<b>,533935,533936,<e>,<b>,533935,533935,533935,533935,<e>,<b>,533935,533935,<e>,<b>,533935,533931,<e>,<b>,533935,533935,<e>,<b>,533935,533935,<e>,<b>,533935,533935,<e>,<b>,533935,533945,533935,<e>,,,,,,,,,,,,,,,,,,,,,,,,,,,,,,,,,,,,,,,,,,,,,,,,,,,,,,,,,,,,,,,,,,,,,,,,,,,,,,,,,,,,,,
23850,<b>,,,<e>,<b>,533945,533925,533945,<e>,<b>,533945,533945,<e>,<b>,533945,533955,533945,533945,<e>,<b>,533945,533914,533935,533945,533945,533945,533945,<e>,<b>,533945,533915,533945,<e>,<b>,533945,533945,533945,533945,<e>,<b>,533945,533945,<e>,<b>,533935,533945,<e>,<b>,533945,533945,<e>,<b>,533915,533945,<e>,<b>,533935,533915,533945,<e>,<b>,533936,533945,<e>,<b>,<e>,,,,,,,,,,,,,,,,,,,,,,,,,,,,,,,,,,,,,,,,,,,,,,,,,,,,,,,,,,,,,,,,,,,,,,,,,,,,,,,,,,,,,,
23858,<b>,533935,533946,<e>,<b>,533935,533946,533935,533934,533934,533933,533935,<e>,<b>,533935,533935,533935,533945,533946,533945,<e>,<b>,533935,533936,533935,533935,533935,533935,533935,533935,533935,533935,<e>,<b>,533935,533946,533946,533946,<e>,<b>,533935,533946,<e>,<b>,533935,533946,533946,533946,533935,<e>,<b>,533935,533935,533935,533935,<e>,<b>,533935,533935,533935,533945,<e>,<b>,533935,533935,533935,533935,533935,533935,<e>,<b>,533935,533935,533935,533945,<e>,<b>,533935,533946,533946,<e>,<b>,533935,533946,533935,533935,<e>,<b>,533935,533946,533935,<e>,<b>,533935,533946,533935,533935,<e>,<b>,533935,533946,<e>,<b>,533935,533935,533935,533935,533935,<e>,,,,,,,,,,,,,,,,,,,,,,,,,,,,,,,,,,,,,,,,,,,
23862,<b>,533935,533935,533935,<e>,<b>,533945,533946,533946,533935,533935,<e>,<b>,533935,533935,533945,<e>,<b>,533935,533935,533935,<e>,<b>,533935,533935,<e>,<b>,533935,533945,<e>,<b>,533935,533935,<e>,<b>,533935,533935,533935,<e>,<b>,533945,533944,533944,<e>,,,,,,,,,,,,,,,,,,,,,,,,,,,,,,,,,,,,,,,,,,,,,,,,,,,,,,,,,,,,,,,,,,,,,,,,,,,,,,,,,,,,,,,,,,,,,,,,,,,,,,,,,,,,
23866,<b>,533935,533934,533935,<e>,<b>,533935,533945,533945,533945,<e>,<b>,533935,533945,<e>,<b>,533935,533945,<e>,<b>,533935,533945,<e>,<b>,533935,533945,533935,<e>,<b>,533935,533945,<e>,<b>,533935,533935,<e>,<b>,533935,533945,533945,<e>,<b>,533935,533935,<e>,,,,,,,,,,,,,,,,,,,,,,,,,,,,,,,,,,,,,,,,,,,,,,,,,,,,,,,,,,,,,,,,,,,,,,,,,,,,,,,,,,,,,,,,,,,,,,,,,,,,,,,,,,,
23868,<b>,533935,533935,<e>,<b>,533935,533945,533946,<e>,<b>,533935,533935,<e>,<b>,533935,533935,<e>,<b>,533935,533935,533935,<e>,<b>,533935,533935,<e>,<b>,533935,533935,<e>,<b>,533935,533945,<e>,<b>,533935,533946,<e>,<b>,533935,533946,533935,533935,<e>,<b>,533935,533935,<e>,,,,,,,,,,,,,,,,,,,,,,,,,,,,,,,,,,,,,,,,,,,,,,,,,,,,,,,,,,,,,,,,,,,,,,,,,,,,,,,,,,,,,,,,,,,,,,,,,,,,,,,,
23602,<b>,533945,533945,<e>,<b>,533945,533945,<e>,<b>,533935,533944,<e>,<b>,533945,533945,<e>,<b>,533935,533945,533935,<e>,<b>,533945,533945,<e>,,,,,,,,,,,,,,,,,,,,,,,,,,,,,,,,,,,,,,,,,,,,,,,,,,,,,,,,,,,,,,,,,,,,,,,,,,,,,,,,,,,,,,,,,,,,,,,,,,,,,,,,,,,,,,,,,,,,,,,,,,,,,,,
23612,<b>,533936,533936,<e>,<b>,533955,533936,533936,<e>,<b>,533955,533936,533936,533936,<e>,<b>,533946,533936,<e>,<b>,533955,533936,<e>,<b>,533955,533936,533936,<e>,<b>,533955,533936,533936,<e>,<b>,533955,533955,<e>,<b>,533946,533936,<e>,,,,,,,,,,,,,,,,,,,,,,,,,,,,,,,,,,,,,,,,,,,,,,,,,,,,,,,,,,,,,,,,,,,,,,,,,,,,,,,,,,,,,,,,,,,,,,,,,,,,,,,,,,,,,,,
23638,<b>,533945,533945,533945,533945,<e>,<b>,533945,533945,<e>,<b>,533945,533945,533945,533945,<e>,<b>,533945,533945,533945,533945,533945,533945,<e>,<b>,533945,533945,533945,533945,<e>,<b>,533945,533946,533945,<e>,<b>,533945,533946,<e>,<b>,533945,533945,533945,533945,533945,<e>,<b>,533945,533945,533945,533945,533945,533935,<e>,<b>,533914,533945,<e>,<b>,533945,533945,533945,533945,<e>,<b>,533945,533945,533945,533945,<e>,<b>,533945,533945,533945,533945,533945,533945,<e>,<b>,533945,533946,<e>,<b>,533945,533946,533945,533944,<e>,,,,,,,,,,,,,,,,,,,,,,,,,,,,,,,,,,,,,,,,,,,,,,,,,,,,,,,,,,,,,,,,
23645,<b>,533935,533945,533946,533935,533935,<e>,<b>,533935,533945,<e>,<b>,533935,533935,<e>,<b>,533935,533935,533935,533935,533945,<e>,<b>,533935,533945,533935,533945,533935,533945,<e>,<b>,533935,533945,533935,533945,<e>,<b>,533935,533935,533935,533935,<e>,<b>,533935,533945,533935,533935,533935,533945,<e>,<b>,533935,533945,533945,<e>,<b>,533935,533935,<e>,<b>,533935,533945,533935,533935,533945,<e>,<b>,533935,533945,533935,533945,533935,533935,<e>,<b>,533935,533945,533935,533935,533945,<e>,<b>,533935,533945,533935,533935,533945,<e>,<b>,533935,533945,<e>,,,,,,,,,,,,,,,,,,,,,,,,,,,,,,,,,,,,,,,,,,,,,,,,,,,,,,,,,,,,
23650,<b>,533933,533933,<e>,<b>,533933,533923,<e>,<b>,533933,533935,533934,<e>,<b>,533935,533935,<e>,<b>,533923,533923,<e>,<b>,533933,533923,<e>,<b>,533934,533945,<e>,<b>,533933,533935,<e>,,,,,,,,,,,,,,,,,,,,,,,,,,,,,,,,,,,,,,,,,,,,,,,,,,,,,,,,,,,,,,,,,,,,,,,,,,,,,,,,,,,,,,,,,,,,,,,,,,,,,,,,,,,,,,,,,,,,,,,
23651,<b>,533955,533955,<e>,<b>,533955,533955,<e>,<b>,533955,533955,<e>,<b>,533955,533965,533955,<e>,<b>,533955,533955,<e>,<b>,533955,533955,<e>,<b>,533955,533935,<e>,<b>,533955,533955,<e>,<b>,533955,533945,<e>,<b>,533955,533955,<e>,,,,,,,,,,,,,,,,,,,,,,,,,,,,,,,,,,,,,,,,,,,,,,,,,,,,,,,,,,,,,,,,,,,,,,,,,,,,,,,,,,,,,,,,,,,,,,,,,,,,,,,,,,,,,,,
23661,<b>,533945,533945,533944,<e>,<b>,533944,533950,533944,533945,<e>,<b>,533944,533946,533945,533946,<e>,<b>,533944,533945,533944,533944,533944,<e>,<b>,533944,533945,533945,533944,<e>,<b>,533944,533945,533944,533935,533945,<e>,<b>,533944,533932,533945,533945,<e>,<b>,533944,533945,533945,<e>,<b>,533944,533935,533946,533945,<e>,<b>,533944,533945,533944,533944,<e>,<b>,533944,533945,533945,533944,<e>,<b>,533944,533945,533945,<e>,<b>,533944,533946,533945,533945,533945,533944,<e>,,,,,,,,,,,,,,,,,,,,,,,,,,,,,,,,,,,,,,,,,,,,,,,,,,,,,,,,,,,,,,,,,,,,,,,,,
23729,<b>,533914,533946,533935,<e>,<b>,533914,533935,533935,<e>,<b>,533914,533914,533946,533946,<e>,<b>,533914,533946,533914,<e>,<b>,533914,533935,<e>,<b>,533914,533935,<e>,<b>,533914,533935,533935,<e>,<b>,533914,533935,533946,<e>,<b>,533914,533946,<e>,<b>,533914,533946,<e>,,,,,,,,,,,,,,,,,,,,,,,,,,,,,,,,,,,,,,,,,,,,,,,,,,,,,,,,,,,,,,,,,,,,,,,,,,,,,,,,,,,,,,,,,,,,,,,,,,,,,,,,,
23735,<b>,533925,533925,<e>,<b>,533925,533925,<e>,<b>,533925,533946,<e>,<b>,533925,533946,<e>,<b>,533925,533925,<e>,<b>,533925,533925,<e>,<b>,533925,533925,<e>,<b>,533925,533925,<e>,<b>,533925,533925,<e>,,,,,,,,,,,,,,,,,,,,,,,,,,,,,,,,,,,,,,,,,,,,,,,,,,,,,,,,,,,,,,,,,,,,,,,,,,,,,,,,,,,,,,,,,,,,,,,,,,,,,,,,,,,,,,,,,,,,
23744,<b>,533955,533946,533935,<e>,<b>,533935,533935,<e>,<b>,533955,533955,<e>,,,,,,,,,,,,,,,,,,,,,,,,,,,,,,,,,,,,,,,,,,,,,,,,,,,,,,,,,,,,,,,,,,,,,,,,,,,,,,,,,,,,,,,,,,,,,,,,,,,,,,,,,,,,,,,,,,,,,,,,,,,,,,,,,,,,,,,,,,,
23768,<b>,533946,533946,<e>,<b>,533946,533946,533946,<e>,<b>,533946,533946,<e>,<b>,<e>,<b>,533946,533946,533946,533946,<e>,<b>,533946,533946,533946,533935,<e>,<b>,533946,533946,<e>,<b>,533946,533946,533946,<e>,<b>,533946,533935,<e>,<b>,533946,533946,<e>,<b>,533946,533945,533935,533946,<e>,<b>,533946,533946,<e>,<b>,533946,533946,<e>,<b>,533946,533946,533946,533945,<e>,<b>,533946,533946,533944,<e>,,,,,,,,,,,,,,,,,,,,,,,,,,,,,,,,,,,,,,,,,,,,,,,,,,,,,,,,,,,,,,,,,,,,,,,,,,,,,,,,,,,
23777,<b>,533935,533945,533945,<e>,<b>,533935,533935,533935,533945,533946,533945,533945,<e>,<b>,533935,533945,533945,533945,<e>,<b>,533935,533935,533935,533935,533945,<e>,<b>,533935,533935,533935,533935,533935,<e>,<b>,533935,533935,533945,<e>,<b>,533935,533945,533945,<e>,<b>,533935,533935,533935,<e>,<b>,533935,533935,533935,533935,533945,533935,533935,<e>,<b>,533935,533945,533945,<e>,<b>,533935,533935,533935,533935,<e>,<b>,533935,533935,533935,533935,<e>,<b>,533935,533935,533946,533946,533946,<e>,<b>,533935,533935,533935,533935,<e>,<b>,533935,533935,533935,533935,533935,533935,<e>,<b>,533935,533936,533946,533935,533945,<e>,,,,,,,,,,,,,,,,,,,,,,,,,,,,,,,,,,,,,,,,,,,,,,,,,
23778,<b>,533944,533945,<e>,<b>,533944,533945,<e>,<b>,533944,533945,<e>,<b>,533944,533935,533945,<e>,<b>,533944,533945,<e>,<b>,533944,533945,<e>,<b>,533944,533945,533945,<e>,<b>,533944,533945,<e>,<b>,533944,533945,<e>,<b>,533944,533945,<e>,,,,,,,,,,,,,,,,,,,,,,,,,,,,,,,,,,,,,,,,,,,,,,,,,,,,,,,,,,,,,,,,,,,,,,,,,,,,,,,,,,,,,,,,,,,,,,,,,,,,,,,,,,,,,,
23798,<b>,533923,533946,533945,<e>,<b>,533946,533935,533912,533913,<e>,<b>,533923,533946,<e>,<b>,533923,533935,533935,<e>,<b>,533923,533945,533935,<e>,<b>,533923,533946,533945,<e>,<b>,533923,533935,<e>,<b>,533923,533946,533935,<e>,<b>,533923,533946,533935,533934,<e>,,,,,,,,,,,,,,,,,,,,,,,,,,,,,,,,,,,,,,,,,,,,,,,,,,,,,,,,,,,,,,,,,,,,,,,,,,,,,,,,,,,,,,,,,,,,,,,,,,,,,,,,,,,
23801,<b>,533935,533946,533946,533935,533935,<e>,<b>,533935,533945,<e>,<b>,533935,533935,533935,<e>,,,,,,,,,,,,,,,,,,,,,,,,,,,,,,,,,,,,,,,,,,,,,,,,,,,,,,,,,,,,,,,,,,,,,,,,,,,,,,,,,,,,,,,,,,,,,,,,,,,,,,,,,,,,,,,,,,,,,,,,,,,,,,,,,,,,,,,,
23802,<b>,533945,533945,<e>,<b>,533945,533935,<e>,,,,,,,,,,,,,,,,,,,,,,,,,,,,,,,,,,,,,,,,,,,,,,,,,,,,,,,,,,,,,,,,,,,,,,,,,,,,,,,,,,,,,,,,,,,,,,,,,,,,,,,,,,,,,,,,,,,,,,,,,,,,,,,,,,,,,,,,,,,,,,,,
23831,<b>,533935,533946,<e>,<b>,533935,533946,<e>,<b>,533935,533945,533945,<e>,<b>,533946,533946,<e>,<b>,533935,533935,<e>,<b>,533935,533935,<e>,<b>,533935,533935,<e>,,,,,,,,,,,,,,,,,,,,,,,,,,,,,,,,,,,,,,,,,,,,,,,,,,,,,,,,,,,,,,,,,,,,,,,,,,,,,,,,,,,,,,,,,,,,,,,,,,,,,,,,,,,,,,,,,,,,,,,,,,,
23838,<b>,<e>,,,,,,,,,,,,,,,,,,,,,,,,,,,,,,,,,,,,,,,,,,,,,,,,,,,,,,,,,,,,,,,,,,,,,,,,,,,,,,,,,,,,,,,,,,,,,,,,,,,,,,,,,,,,,,,,,,,,,,,,,,,,,,,,,,,,,,,,,,,,,,,,,,,,,,
23605,<b>,533945,533935,<e>,<b>,533945,533935,533935,<e>,<b>,533945,533936,533945,<e>,<b>,533945,533936,<e>,<b>,533945,533936,<e>,<b>,533945,533936,<e>,<b>,533945,533936,<e>,<b>,533945,533935,533945,<e>,<b>,533945,533935,533945,<e>,<b>,533945,533936,533945,<e>,<b>,533945,533936,533945,<e>,<b>,533945,533936,<e>,<b>,533945,533936,<e>,<b>,533945,533936,<e>,<b>,533945,533935,533945,<e>,,,,,,,,,,,,,,,,,,,,,,,,,,,,,,,,,,,,,,,,,,,,,,,,,,,,,,,,,,,,,,,,,,,,,,,,,,,,,,,,,,,,,
23618,<b>,533947,533935,533936,<e>,<b>,533947,533947,<e>,<b>,533947,533947,<e>,<b>,533947,533946,533947,533947,<e>,<b>,533947,533935,533945,533946,533947,<e>,<b>,533947,533947,<e>,<b>,533947,533936,533965,<e>,<b>,533947,533947,<e>,<b>,533947,533935,533947,<e>,<b>,533947,533935,533935,533947,<e>,,,,,,,,,,,,,,,,,,,,,,,,,,,,,,,,,,,,,,,,,,,,,,,,,,,,,,,,,,,,,,,,,,,,,,,,,,,,,,,,,,,,,,,,,,,,,,,,,,,,,,
23635,<b>,534030,533946,<e>,<b>,534030,534030,<e>,<b>,533935,533935,<e>,<b>,534030,533935,<e>,<b>,534030,533945,<e>,,,,,,,,,,,,,,,,,,,,,,,,,,,,,,,,,,,,,,,,,,,,,,,,,,,,,,,,,,,,,,,,,,,,,,,,,,,,,,,,,,,,,,,,,,,,,,,,,,,,,,,,,,,,,,,,,,,,,,,,,,,,,,,,,,,,
23637,<b>,533945,533945,533945,533943,<e>,<b>,533945,533945,<e>,<b>,533945,533935,533945,<e>,<b>,533945,533955,<e>,<b>,533945,533945,533945,<e>,<b>,533945,533945,533945,533945,<e>,<b>,533945,533936,533945,533945,<e>,<b>,533945,533945,<e>,<b>,533945,533945,533945,533945,<e>,<b>,533945,533945,<e>,<b>,533945,533945,533945,533945,<e>,<b>,533945,533933,<e>,,,,,,,,,,,,,,,,,,,,,,,,,,,,,,,,,,,,,,,,,,,,,,,,,,,,,,,,,,,,,,,,,,,,,,,,,,,,,,,,,,,,,,,,,,,,
23640,<b>,533946,533945,<e>,<b>,533956,533946,533945,<e>,<b>,533955,533956,<e>,<b>,533955,533955,<e>,<b>,533956,533955,533955,533955,<e>,<b>,533956,533946,<e>,<b>,533956,533945,<e>,<b>,533956,533955,<e>,<b>,533955,533955,<e>,<b>,533956,533955,<e>,<b>,533956,533955,<e>,<b>,533956,533956,<e>,<b>,533956,533945,533946,<e>,,,,,,,,,,,,,,,,,,,,,,,,,,,,,,,,,,,,,,,,,,,,,,,,,,,,,,,,,,,,,,,,,,,,,,,,,,,,,,,,,,,,,,,,,,,,,,,,
23648,<b>,533925,533925,<e>,<b>,533925,533946,533925,533935,<e>,<b>,533925,533925,<e>,<b>,533925,533926,533926,533925,533935,<e>,<b>,533925,533926,<e>,<b>,533925,533924,533924,<e>,<b>,533925,533946,<e>,<b>,533925,533936,<e>,<b>,533926,533926,<e>,<b>,533926,533935,533926,533925,533935,533946,<e>,<b>,533925,533926,533925,<e>,<b>,533925,533926,<e>,<b>,533945,533945,533925,533925,<e>,,,,,,,,,,,,,,,,,,,,,,,,,,,,,,,,,,,,,,,,,,,,,,,,,,,,,,,,,,,,,,,,,,,,,,,,,,,,,,,,,,,,,,,
23660,<b>,533935,533935,<e>,<b>,533935,533935,533935,533935,533935,533935,<e>,<b>,533935,533935,533935,533935,<e>,<b>,533935,533935,533935,533935,<e>,<b>,533935,533935,<e>,<b>,533935,533935,<e>,<b>,533935,533935,533925,533925,533935,533935,<e>,<b>,533935,533935,533935,533935,<e>,<b>,533935,533935,533935,533935,<e>,<b>,533935,533925,533935,533935,533935,533935,533935,<e>,<b>,533935,533935,533935,533925,533935,533935,<e>,<b>,533935,533935,533935,533935,<e>,<b>,533935,533935,<e>,<b>,533935,533935,533935,533935,533935,533935,<e>,,,,,,,,,,,,,,,,,,,,,,,,,,,,,,,,,,,,,,,,,,,,,,,,,,,,,,,,,,,,,,,,,
23665,<b>,533935,533935,533925,<e>,<b>,533935,533945,533935,<e>,<b>,533935,533935,<e>,<b>,533946,533935,<e>,<b>,533935,533925,<e>,<b>,533935,533946,533935,<e>,<b>,533935,533935,533935,<e>,<b>,533935,533946,<e>,,,,,,,,,,,,,,,,,,,,,,,,,,,,,,,,,,,,,,,,,,,,,,,,,,,,,,,,,,,,,,,,,,,,,,,,,,,,,,,,,,,,,,,,,,,,,,,,,,,,,,,,,,,,,,,,,,,,
23676,<b>,,,,<e>,<b>,533935,533935,533935,<e>,<b>,533935,533945,533935,<e>,<b>,533935,533945,533945,533935,533935,533935,<e>,<b>,533935,533935,533935,533935,533935,533935,<e>,<b>,533935,533935,533935,<e>,<b>,533935,533935,<e>,<b>,533935,533935,533935,533935,<e>,<b>,533935,533935,<e>,<b>,533935,533935,<e>,<b>,533935,533935,533935,<e>,<b>,533935,533946,533935,<e>,,,,,,,,,,,,,,,,,,,,,,,,,,,,,,,,,,,,,,,,,,,,,,,,,,,,,,,,,,,,,,,,,,,,,,,,,,,,,,,,,,,,,,,,
23685,<b>,533943,533943,533943,533943,533943,<e>,<b>,533943,533945,533946,533946,533946,533945,533944,533943,<e>,<b>,533943,533943,533943,533943,533943,<e>,<b>,533943,533943,<e>,<b>,533943,533943,<e>,<b>,533943,533943,533943,<e>,<b>,533943,533943,<e>,<b>,533943,533946,533946,533936,533943,<e>,<b>,533943,533943,<e>,<b>,533943,533943,533943,533943,533943,<e>,<b>,533943,533943,533943,533943,533943,533943,533943,533943,<e>,<b>,533943,533943,533943,533943,533943,533943,<e>,<b>,533943,533944,533936,533936,533944,533943,<e>,,,,,,,,,,,,,,,,,,,,,,,,,,,,,,,,,,,,,,,,,,,,,,,,,,,,,,,,,,,,,,,,,,,
23700,<b>,533935,533935,<e>,<b>,533935,533935,<e>,<b>,533935,533935,<e>,,,,,,,,,,,,,,,,,,,,,,,,,,,,,,,,,,,,,,,,,,,,,,,,,,,,,,,,,,,,,,,,,,,,,,,,,,,,,,,,,,,,,,,,,,,,,,,,,,,,,,,,,,,,,,,,,,,,,,,,,,,,,,,,,,,,,,,,,,,,
23709,<b>,533945,533945,<e>,,,,,,,,,,,,,,,,,,,,,,,,,,,,,,,,,,,,,,,,,,,,,,,,,,,,,,,,,,,,,,,,,,,,,,,,,,,,,,,,,,,,,,,,,,,,,,,,,,,,,,,,,,,,,,,,,,,,,,,,,,,,,,,,,,,,,,,,,,,,,,,,,,,,
23775,<b>,533924,533924,<e>,,,,,,,,,,,,,,,,,,,,,,,,,,,,,,,,,,,,,,,,,,,,,,,,,,,,,,,,,,,,,,,,,,,,,,,,,,,,,,,,,,,,,,,,,,,,,,,,,,,,,,,,,,,,,,,,,,,,,,,,,,,,,,,,,,,,,,,,,,,,,,,,,,,,
23794,<b>,533935,533935,<e>,<b>,533935,533935,<e>,<b>,533935,533945,<e>,<b>,533935,533945,<e>,<b>,533935,533945,533946,533946,533935,533935,<e>,<b>,533935,533945,533935,<e>,<b>,533935,533945,<e>,<b>,533935,533935,<e>,<b>,533935,533945,<e>,<b>,533935,533946,533946,533935,533935,<e>,<b>,533935,533935,533935,533935,<e>,,,,,,,,,,,,,,,,,,,,,,,,,,,,,,,,,,,,,,,,,,,,,,,,,,,,,,,,,,,,,,,,,,,,,,,,,,,,,,,,,,,,,,,,,,,,,,,,,,
23797,<b>,533934,533925,533934,533934,<e>,<b>,533934,533935,533935,533935,<e>,<b>,533934,533925,<e>,<b>,533934,533935,<e>,<b>,533934,533935,<e>,<b>,533934,533934,<e>,<b>,533934,533925,<e>,<b>,533934,533935,533945,<e>,<b>,533934,533925,533934,<e>,<b>,533934,533935,<e>,,,,,,,,,,,,,,,,,,,,,,,,,,,,,,,,,,,,,,,,,,,,,,,,,,,,,,,,,,,,,,,,,,,,,,,,,,,,,,,,,,,,,,,,,,,,,,,,,,,,,,,,,,
23799,<b>,533935,533945,533935,<e>,,,,,,,,,,,,,,,,,,,,,,,,,,,,,,,,,,,,,,,,,,,,,,,,,,,,,,,,,,,,,,,,,,,,,,,,,,,,,,,,,,,,,,,,,,,,,,,,,,,,,,,,,,,,,,,,,,,,,,,,,,,,,,,,,,,,,,,,,,,,,,,,,,,
23818,<b>,533945,533945,<e>,,,,,,,,,,,,,,,,,,,,,,,,,,,,,,,,,,,,,,,,,,,,,,,,,,,,,,,,,,,,,,,,,,,,,,,,,,,,,,,,,,,,,,,,,,,,,,,,,,,,,,,,,,,,,,,,,,,,,,,,,,,,,,,,,,,,,,,,,,,,,,,,,,,,
23826,<b>,533943,533935,533945,<e>,<b>,533943,533936,<e>,,,,,,,,,,,,,,,,,,,,,,,,,,,,,,,,,,,,,,,,,,,,,,,,,,,,,,,,,,,,,,,,,,,,,,,,,,,,,,,,,,,,,,,,,,,,,,,,,,,,,,,,,,,,,,,,,,,,,,,,,,,,,,,,,,,,,,,,,,,,,,,
23833,<b>,533935,533935,<e>,<b>,533935,533935,533935,<e>,<b>,533935,533945,533935,<e>,,,,,,,,,,,,,,,,,,,,,,,,,,,,,,,,,,,,,,,,,,,,,,,,,,,,,,,,,,,,,,,,,,,,,,,,,,,,,,,,,,,,,,,,,,,,,,,,,,,,,,,,,,,,,,,,,,,,,,,,,,,,,,,,,,,,,,,,,,
23846,<b>,533946,533946,533935,<e>,<b>,533946,533946,<e>,<b>,533946,533946,533946,533946,<e>,<b>,533946,533946,<e>,<b>,533946,533946,<e>,<b>,533946,533946,533946,533946,<e>,,,,,,,,,,,,,,,,,,,,,,,,,,,,,,,,,,,,,,,,,,,,,,,,,,,,,,,,,,,,,,,,,,,,,,,,,,,,,,,,,,,,,,,,,,,,,,,,,,,,,,,,,,,,,,,,,,,,,,,,,,,
23848,<b>,533935,533935,<e>,<b>,533935,533935,<e>,<b>,533935,533935,<e>,<b>,533935,533936,<e>,<b>,533935,533936,<e>,<b>,533935,533936,<e>,<b>,533935,533936,<e>,<b>,533935,533936,<e>,<b>,533935,533936,<e>,<b>,533935,533936,<e>,<b>,533935,533936,<e>,<b>,533935,533936,<e>,<b>,533935,533936,<e>,,,,,,,,,,,,,,,,,,,,,,,,,,,,,,,,,,,,,,,,,,,,,,,,,,,,,,,,,,,,,,,,,,,,,,,,,,,,,,,,,,,,,,,,,,,,,,,,,,,,
23859,<b>,533945,533935,<e>,<b>,533945,533945,<e>,<b>,533945,533945,533945,533945,<e>,<b>,533945,533935,533935,533945,<e>,<b>,533945,533945,533945,<e>,<b>,533945,533935,533945,533945,<e>,<b>,,,,,<e>,<b>,533945,533945,<e>,<b>,533945,533945,533945,533945,533945,<e>,<b>,533945,533945,<e>,,,,,,,,,,,,,,,,,,,,,,,,,,,,,,,,,,,,,,,,,,,,,,,,,,,,,,,,,,,,,,,,,,,,,,,,,,,,,,,,,,,,,,,,,,,,,,,,,,,,
23601,<b>,533954,533954,<e>,<b>,533954,533943,533954,<e>,<b>,533954,533943,533943,<e>,<b>,533954,533953,533954,533954,<e>,<b>,533944,523971,533945,533945,533945,<e>,<b>,533954,533935,533935,<e>,<b>,533954,533954,533954,533954,<e>,<b>,533943,533943,533945,<e>,<b>,533946,533935,533944,<e>,<b>,533954,533953,<e>,<b>,533944,533945,533954,<e>,,,,,,,,,,,,,,,,,,,,,,,,,,,,,,,,,,,,,,,,,,,,,,,,,,,,,,,,,,,,,,,,,,,,,,,,,,,,,,,,,,,,,,,,,,,,,,,
23620,<b>,533945,533965,<e>,<b>,533965,533946,533965,533965,<e>,<b>,533965,533965,<e>,,,,,,,,,,,,,,,,,,,,,,,,,,,,,,,,,,,,,,,,,,,,,,,,,,,,,,,,,,,,,,,,,,,,,,,,,,,,,,,,,,,,,,,,,,,,,,,,,,,,,,,,,,,,,,,,,,,,,,,,,,,,,,,,,,,,,,,,,,
23624,<b>,533954,533944,533954,<e>,<b>,533954,533954,<e>,<b>,533954,533954,<e>,<b>,533954,533944,533954,<e>,<b>,533954,533954,<e>,<b>,533954,533946,<e>,<b>,533954,533944,533954,<e>,<b>,533954,533954,<e>,<b>,533954,533954,<e>,<b>,533954,533944,533954,533936,<e>,<b>,533954,533954,533954,533954,<e>,<b>,533954,533964,<e>,<b>,533954,533954,<e>,<b>,533954,533954,533954,533954,<e>,,,,,,,,,,,,,,,,,,,,,,,,,,,,,,,,,,,,,,,,,,,,,,,,,,,,,,,,,,,,,,,,,,,,,,,,,,,,,,,,,,,,,,,
23712,<b>,533945,533945,<e>,<b>,533935,533935,<e>,<b>,533935,533935,<e>,<b>,533945,533945,533935,<e>,<b>,533945,533945,<e>,<b>,533935,533935,<e>,<b>,533945,533945,<e>,<b>,533945,533935,<e>,<b>,533945,533935,<e>,<b>,533945,533935,<e>,,,,,,,,,,,,,,,,,,,,,,,,,,,,,,,,,,,,,,,,,,,,,,,,,,,,,,,,,,,,,,,,,,,,,,,,,,,,,,,,,,,,,,,,,,,,,,,,,,,,,,,,,,,,,,,
23717,<b>,533945,533945,<e>,,,,,,,,,,,,,,,,,,,,,,,,,,,,,,,,,,,,,,,,,,,,,,,,,,,,,,,,,,,,,,,,,,,,,,,,,,,,,,,,,,,,,,,,,,,,,,,,,,,,,,,,,,,,,,,,,,,,,,,,,,,,,,,,,,,,,,,,,,,,,,,,,,,,
23722,<b>,533935,533936,<e>,,,,,,,,,,,,,,,,,,,,,,,,,,,,,,,,,,,,,,,,,,,,,,,,,,,,,,,,,,,,,,,,,,,,,,,,,,,,,,,,,,,,,,,,,,,,,,,,,,,,,,,,,,,,,,,,,,,,,,,,,,,,,,,,,,,,,,,,,,,,,,,,,,,,
23765,<b>,533924,533945,<e>,<b>,533945,533946,<e>,<b>,533975,533945,533946,<e>,,,,,,,,,,,,,,,,,,,,,,,,,,,,,,,,,,,,,,,,,,,,,,,,,,,,,,,,,,,,,,,,,,,,,,,,,,,,,,,,,,,,,,,,,,,,,,,,,,,,,,,,,,,,,,,,,,,,,,,,,,,,,,,,,,,,,,,,,,,
23771,<b>,533935,533945,<e>,<b>,533935,533935,<e>,<b>,533935,533936,533935,<e>,,,,,,,,,,,,,,,,,,,,,,,,,,,,,,,,,,,,,,,,,,,,,,,,,,,,,,,,,,,,,,,,,,,,,,,,,,,,,,,,,,,,,,,,,,,,,,,,,,,,,,,,,,,,,,,,,,,,,,,,,,,,,,,,,,,,,,,,,,,
23782,<b>,533945,533935,<e>,<b>,533945,533946,<e>,<b>,533945,533946,<e>,<b>,533945,533946,<e>,<b>,533945,533935,<e>,<b>,533945,533946,<e>,<b>,533945,533945,<e>,<b>,533945,533946,<e>,<b>,533945,533946,<e>,<b>,533945,533946,<e>,,,,,,,,,,,,,,,,,,,,,,,,,,,,,,,,,,,,,,,,,,,,,,,,,,,,,,,,,,,,,,,,,,,,,,,,,,,,,,,,,,,,,,,,,,,,,,,,,,,,,,,,,,,,,,,,
23793,<b>,533945,533946,<e>,<b>,533945,533945,<e>,<b>,533945,533935,<e>,<b>,533945,533935,533935,<e>,<b>,533935,533935,<e>,,,,,,,,,,,,,,,,,,,,,,,,,,,,,,,,,,,,,,,,,,,,,,,,,,,,,,,,,,,,,,,,,,,,,,,,,,,,,,,,,,,,,,,,,,,,,,,,,,,,,,,,,,,,,,,,,,,,,,,,,,,,,,,,,,,
23809,<b>,533955,534060,533935,533955,<e>,<b>,533955,533946,<e>,<b>,533955,533946,<e>,<b>,533955,533947,<e>,,,,,,,,,,,,,,,,,,,,,,,,,,,,,,,,,,,,,,,,,,,,,,,,,,,,,,,,,,,,,,,,,,,,,,,,,,,,,,,,,,,,,,,,,,,,,,,,,,,,,,,,,,,,,,,,,,,,,,,,,,,,,,,,,,,,,,
23844,<b>,533935,533935,<e>,<b>,533945,533945,<e>,<b>,533955,533955,533935,<e>,,,,,,,,,,,,,,,,,,,,,,,,,,,,,,,,,,,,,,,,,,,,,,,,,,,,,,,,,,,,,,,,,,,,,,,,,,,,,,,,,,,,,,,,,,,,,,,,,,,,,,,,,,,,,,,,,,,,,,,,,,,,,,,,,,,,,,,,,,,
23851,<b>,533945,533945,<e>,<b>,533945,533945,<e>,<b>,533945,533946,<e>,,,,,,,,,,,,,,,,,,,,,,,,,,,,,,,,,,,,,,,,,,,,,,,,,,,,,,,,,,,,,,,,,,,,,,,,,,,,,,,,,,,,,,,,,,,,,,,,,,,,,,,,,,,,,,,,,,,,,,,,,,,,,,,,,,,,,,,,,,,,
23723,<b>,533945,533944,<e>,<b>,533945,533944,<e>,<b>,533945,533946,533944,533944,533945,533945,<e>,<b>,533945,533945,533945,533945,<e>,<b>,533945,533944,533944,533945,<e>,<b>,533945,533946,533945,533945,<e>,<b>,533945,533946,533944,533944,533945,533945,<e>,<b>,533945,533945,<e>,<b>,533945,533944,533944,533945,<e>,<b>,533945,533944,533944,533944,533945,<e>,<b>,533945,533944,533944,533945,<e>,<b>,533945,533944,533944,533945,533946,<e>,,,,,,,,,,,,,,,,,,,,,,,,,,,,,,,,,,,,,,,,,,,,,,,,,,,,,,,,,,,,,,,,,,,,,,,,,,,,,,,,
23739,<b>,533935,533935,<e>,<b>,533946,533936,<e>,<b>,533935,533945,533945,533935,<e>,<b>,533946,533935,<e>,<b>,533935,533945,533935,<e>,<b>,533935,533935,<e>,<b>,533935,533946,533935,533935,533945,533945,<e>,<b>,533935,533945,533946,533935,<e>,<b>,533935,533945,533945,533935,533935,<e>,,,,,,,,,,,,,,,,,,,,,,,,,,,,,,,,,,,,,,,,,,,,,,,,,,,,,,,,,,,,,,,,,,,,,,,,,,,,,,,,,,,,,,,,,,,,,,,,,,,,,,,,
23628,<b>,533944,533945,<e>,<b>,533945,533945,<e>,<b>,533935,533945,533944,<e>,,,,,,,,,,,,,,,,,,,,,,,,,,,,,,,,,,,,,,,,,,,,,,,,,,,,,,,,,,,,,,,,,,,,,,,,,,,,,,,,,,,,,,,,,,,,,,,,,,,,,,,,,,,,,,,,,,,,,,,,,,,,,,,,,,,,,,,,,,,
23824,<b>,533945,533946,533946,<e>,<b>,533945,533945,<e>,<b>,533946,533946,<e>,<b>,<e>,,,,,,,,,,,,,,,,,,,,,,,,,,,,,,,,,,,,,,,,,,,,,,,,,,,,,,,,,,,,,,,,,,,,,,,,,,,,,,,,,,,,,,,,,,,,,,,,,,,,,,,,,,,,,,,,,,,,,,,,,,,,,,,,,,,,,,,,,
23629,<b>,533955,533955,533955,533955,<e>,<b>,533955,533955,533955,533955,<e>,<b>,533955,533955,533955,533955,<e>,<b>,533955,533955,533955,533955,<e>,<b>,533955,533955,533955,533955,<e>,<b>,533955,533936,<e>,<b>,533955,533955,533955,533955,533955,<e>,<b>,533955,533955,533955,533955,<e>,<b>,533955,533946,533955,533955,<e>,<b>,533955,533936,533936,<e>,<b>,533955,533955,533955,533955,<e>,,,,,,,,,,,,,,,,,,,,,,,,,,,,,,,,,,,,,,,,,,,,,,,,,,,,,,,,,,,,,,,,,,,,,,,,,,,,,,,,,,,,,,,,
23642,<b>,533935,533935,533945,533935,<e>,<b>,533935,533945,<e>,<b>,533935,533915,<e>,<b>,533935,533915,533935,<e>,<b>,533935,533945,533945,533945,533935,<e>,<b>,533935,533935,<e>,,,,,,,,,,,,,,,,,,,,,,,,,,,,,,,,,,,,,,,,,,,,,,,,,,,,,,,,,,,,,,,,,,,,,,,,,,,,,,,,,,,,,,,,,,,,,,,,,,,,,,,,,,,,,,,,,,,,,,,,,,
23659,<b>,533955,533955,533955,533945,<e>,<b>,533955,533955,533955,533945,<e>,<b>,533955,533955,533946,533935,<e>,<b>,533955,533955,<e>,<b>,533955,533946,<e>,<b>,533955,533955,533955,533955,<e>,<b>,533955,533955,533955,533955,<e>,<b>,533955,533955,533955,533955,<e>,<b>,533955,533955,533955,533955,<e>,,,,,,,,,,,,,,,,,,,,,,,,,,,,,,,,,,,,,,,,,,,,,,,,,,,,,,,,,,,,,,,,,,,,,,,,,,,,,,,,,,,,,,,,,,,,,,,,,,,,,,
23668,<b>,533944,533944,<e>,<b>,533944,533944,533945,533944,<e>,<b>,533944,533944,<e>,<b>,533944,533944,533935,<e>,<b>,533944,533944,533944,533946,533946,<e>,<b>,533944,533944,533944,533944,<e>,<b>,533944,533944,533944,533944,<e>,<b>,533944,533944,533944,533944,<e>,<b>,533944,533944,<e>,<b>,533944,523974,523974,533944,533944,533944,<e>,<b>,533944,533944,533945,533945,533944,533944,<e>,,,,,,,,,,,,,,,,,,,,,,,,,,,,,,,,,,,,,,,,,,,,,,,,,,,,,,,,,,,,,,,,,,,,,,,,,,,,,,,,,,,,,,,,
23692,<b>,533935,533935,<e>,<b>,533935,533935,533944,<e>,<b>,533944,533935,<e>,<b>,533946,533944,<e>,<b>,533945,533935,533944,<e>,<b>,533944,533935,<e>,<b>,533944,533935,<e>,<b>,533944,533935,533944,<e>,,,,,,,,,,,,,,,,,,,,,,,,,,,,,,,,,,,,,,,,,,,,,,,,,,,,,,,,,,,,,,,,,,,,,,,,,,,,,,,,,,,,,,,,,,,,,,,,,,,,,,,,,,,,,,,,,,,,,
23719,<b>,533945,533915,533935,533945,<e>,<b>,533945,533915,533915,533945,533945,<e>,<b>,,533935,533945,533935,<e>,<b>,533945,533935,533935,<e>,<b>,533945,534003,533935,533946,<e>,<b>,533935,533935,533945,533935,533935,<e>,<b>,533945,534003,533935,<e>,<b>,533945,533944,<e>,,,,,,,,,,,,,,,,,,,,,,,,,,,,,,,,,,,,,,,,,,,,,,,,,,,,,,,,,,,,,,,,,,,,,,,,,,,,,,,,,,,,,,,,,,,,,,,,,,,,,,,,,,
23857,<b>,533945,533945,<e>,<b>,533933,533944,<e>,,,,,,,,,,,,,,,,,,,,,,,,,,,,,,,,,,,,,,,,,,,,,,,,,,,,,,,,,,,,,,,,,,,,,,,,,,,,,,,,,,,,,,,,,,,,,,,,,,,,,,,,,,,,,,,,,,,,,,,,,,,,,,,,,,,,,,,,,,,,,,,,
23670,<b>,533935,533946,<e>,<b>,533935,533935,<e>,<b>,533935,533935,<e>,<b>,533935,533945,<e>,<b>,533935,533935,<e>,,,,,,,,,,,,,,,,,,,,,,,,,,,,,,,,,,,,,,,,,,,,,,,,,,,,,,,,,,,,,,,,,,,,,,,,,,,,,,,,,,,,,,,,,,,,,,,,,,,,,,,,,,,,,,,,,,,,,,,,,,,,,,,,,,,,
23790,<b>,533935,533945,533935,533936,<e>,<b>,533945,533945,<e>,<b>,533925,533935,<e>,<b>,533925,533935,<e>,<b>,533925,533936,<e>,,,,,,,,,,,,,,,,,,,,,,,,,,,,,,,,,,,,,,,,,,,,,,,,,,,,,,,,,,,,,,,,,,,,,,,,,,,,,,,,,,,,,,,,,,,,,,,,,,,,,,,,,,,,,,,,,,,,,,,,,,,,,,,,,,
23820,<b>,533924,533946,<e>,<b>,533925,533934,<e>,<b>,533924,533935,<e>,<b>,533924,533935,533935,533935,<e>,<b>,533924,533935,<e>,,,,,,,,,,,,,,,,,,,,,,,,,,,,,,,,,,,,,,,,,,,,,,,,,,,,,,,,,,,,,,,,,,,,,,,,,,,,,,,,,,,,,,,,,,,,,,,,,,,,,,,,,,,,,,,,,,,,,,,,,,,,,,,,,,
23626,<b>,533935,533935,533935,<e>,,,,,,,,,,,,,,,,,,,,,,,,,,,,,,,,,,,,,,,,,,,,,,,,,,,,,,,,,,,,,,,,,,,,,,,,,,,,,,,,,,,,,,,,,,,,,,,,,,,,,,,,,,,,,,,,,,,,,,,,,,,,,,,,,,,,,,,,,,,,,,,,,,,
23757,<b>,533946,533946,533945,<e>,<b>,533946,533935,533935,<e>,<b>,533946,533946,<e>,<b>,533946,533946,<e>,,,,,,,,,,,,,,,,,,,,,,,,,,,,,,,,,,,,,,,,,,,,,,,,,,,,,,,,,,,,,,,,,,,,,,,,,,,,,,,,,,,,,,,,,,,,,,,,,,,,,,,,,,,,,,,,,,,,,,,,,,,,,,,,,,,,,,
