23252,<b>,2023-01-07 08:00:00,2023-01-07 09:00:00,<e>,,,,,,,,,,,,,,,,,,,,,,,,,,,,,,,,,,,,,,,,,,,,,,,,,,,,,,,,,,,,,,,,,,,,<b>,2023-01-08,<e>,<b>,2023-01-09,<e>,<b>,2023-01-10,<e>,<b>,2023-01-11,<e>,<b>,2023-01-12,<e>,<b>,2023-01-13,<e>,<e>
23255,<b>,2023-01-07 10:00:00,2023-01-07 12:00:00,2023-01-07 15:00:00,2023-01-07 17:00:00,<e>,<b>,2023-01-08,<e>,<b>,2023-01-09,<e>,<b>,2023-01-10,<e>,<b>,2023-01-11,<e>,<b>,2023-01-12,<e>,<b>,2023-01-13,<e>,<e>
23255,<b>,2023-01-24 09:00:00,2023-01-24 14:00:00,<e>,<b>,2023-01-25,<e>,<b>,2023-01-26 10:00:00,2023-01-26 12:00:00,2023-01-26 13:00:00,2023-01-26 14:00:00,<e>,,,,,,,,,,,,,,,,,,,,,,,,,,,,,,,,,,,,,,,,,,,,,,,,,,,,,,,,<b>,2023-01-27,<e>,<b>,2023-01-28,<e>,<b>,2023-01-29,<e>,<b>,2023-01-30,<e>,<e>
23256,<b>,2023-01-07 17:00:00,2023-01-07 18:00:00,<e>,<b>,2023-01-08,<e>,<b>,2023-01-09,<e>,<b>,2023-01-10 06:00:00,2023-01-10 12:00:00,2023-01-10 18:00:00,<e>,<b>,2023-01-11,<e>,<b>,2023-01-12,<e>,<b>,2023-01-13,<e>,<e>
23256,<b>,2023-01-27 06:00:00,2023-01-27 15:00:00,2023-01-27 17:00:00,2023-01-27 18:00:00,<e>,,,,,,,,,,,,,,,,,,,,,,,,,,,,,,,,,,,,,,,,,,,,,,,,,,,,,,,,,<b>,2023-01-28,<e>,<b>,2023-01-29,<e>,<b>,2023-01-30,<e>,<b>,2023-01-31,<e>,<b>,2023-02-01,<e>,<b>,2023-02-02,<e>,<e>
23259,<b>,2023-01-07 09:00:00,2023-01-07 12:00:00,2023-01-07 14:00:00,2023-01-07 15:00:00,<e>,<b>,2023-01-08,<e>,<b>,2023-01-09,<e>,<b>,2023-01-10,<e>,<b>,2023-01-11 08:00:00,2023-01-11 18:00:00,2023-01-11 18:00:00,<e>,<b>,2023-01-12,<e>,<b>,2023-01-13,<e>,<e>
23259,<b>,2023-01-27 08:00:00,2023-01-27 14:00:00,2023-01-27 14:00:00,2023-01-27 16:00:00,2023-01-27 23:00:00,<e>,<b>,2023-01-28,<e>,<b>,2023-01-29,<e>,<b>,2023-01-30 08:00:00,2023-01-30 18:00:00,2023-01-30 19:00:00,<e>,,,,,,,,,,,,,,,,,,,,,,,,,,,,,,,,,,,,,,,,,,,,,,,,,<b>,2023-01-31,<e>,<b>,2023-02-01,<e>,<b>,2023-02-02,<e>,<e>
23260,<b>,2023-01-07 13:00:00,2023-01-07 13:00:00,2023-01-07 14:00:00,2023-01-07 17:00:00,<e>,<b>,2023-01-08 08:00:00,2023-01-08 10:00:00,2023-01-08 18:00:00,2023-01-08 18:00:00,<e>,<b>,2023-01-09 08:00:00,2023-01-09 08:00:00,2023-01-09 12:00:00,2023-01-09 12:00:00,2023-01-09 13:00:00,<e>,<b>,2023-01-10 09:00:00,2023-01-10 10:00:00,2023-01-10 10:00:00,<e>,<b>,2023-01-11 05:00:00,2023-01-11 07:00:00,<e>,<b>,2023-01-12 06:00:00,2023-01-12 06:00:00,<e>,<b>,2023-01-13 06:00:00,2023-01-13 07:00:00,<e>,<e>
23260,<b>,2023-01-24 06:00:00,2023-01-24 07:00:00,<e>,<b>,2023-01-25 08:00:00,2023-01-25 09:00:00,<e>,<b>,2023-01-26 07:00:00,2023-01-26 08:00:00,<e>,<b>,2023-01-27 06:00:00,2023-01-27 07:00:00,<e>,<b>,2023-01-28 08:00:00,2023-01-28 10:00:00,<e>,<b>,2023-01-29 10:00:00,2023-01-29 12:00:00,2023-01-29 16:00:00,<e>,<b>,2023-01-30 08:00:00,2023-01-30 09:00:00,<e>,,,,,,,<e>
23253,<b>,2023-01-08 12:00:00,2023-01-08 13:00:00,2023-01-08 15:00:00,2023-01-08 15:00:00,2023-01-08 16:00:00,<e>,<b>,2023-01-09 13:00:00,2023-01-09 16:00:00,2023-01-09 17:00:00,<e>,<b>,2023-01-10,<e>,<b>,2023-01-11,<e>,<b>,2023-01-12,<e>,<b>,2023-01-13,<e>,<b>,2023-01-14,<e>,<e>
23253,<b>,2023-01-29 17:00:00,2023-01-29 18:00:00,2023-01-29 18:00:00,<e>,<b>,2023-01-30 09:00:00,2023-01-30 11:00:00,2023-01-30 18:00:00,2023-01-30 19:00:00,2023-01-30 19:00:00,<e>,,,,,,,,,,,,,,,,,,,,,,,,,,,,,,,,,,,,,,,,,,,,,,,,<b>,2023-01-31,<e>,<b>,2023-02-01,<e>,<b>,2023-02-02,<e>,<b>,2023-02-03,<e>,<b>,2023-02-04,<e>,<e>
23254,<b>,2023-01-08 08:00:00,2023-01-08 13:00:00,<e>,<b>,2023-01-09 09:00:00,2023-01-09 11:00:00,<e>,<b>,2023-01-10,<e>,<b>,2023-01-11,<e>,<b>,2023-01-12,<e>,<b>,2023-01-13,<e>,<b>,2023-01-14,<e>,<e>
23254,<b>,2023-01-28 16:00:00,2023-01-28 17:00:00,<e>,<b>,2023-01-29 10:00:00,2023-01-29 12:00:00,<e>,,,,,,,,,,,,,,,,,,,,,,,,,,,,,,,,,,,,,,,,,,,,,,,,,,,,,,,,<b>,2023-01-30,<e>,<b>,2023-01-31,<e>,<b>,2023-02-01,<e>,<b>,2023-02-02,<e>,<b>,2023-02-03,<e>,<e>
23257,<b>,2023-01-08 08:00:00,2023-01-08 11:00:00,2023-01-08 13:00:00,<e>,<b>,2023-01-09,<e>,<b>,2023-01-10,<e>,<b>,2023-01-11,<e>,<b>,2023-01-12,<e>,<b>,2023-01-13,<e>,<b>,2023-01-14,<e>,<e>
23257,<b>,2023-01-26 11:00:00,2023-01-26 13:00:00,<e>,<b>,2023-01-27,<e>,<b>,2023-01-28 08:00:00,2023-01-28 12:00:00,<e>,,,,,,,,,,,,,,,,,,,,,,,,,,,,,,,,,,,,,,,,,,,,,,,,,,,,,,,,,,,<b>,2023-01-29,<e>,<b>,2023-01-30,<e>,<b>,2023-01-31,<e>,<b>,2023-02-01,<e>,<e>
